ID,Age,Gender,Bought milk carton package in the last 6 month,Aware of recycling posibility,Milk cartons disposal,Read labels
287,15-24,Male,Yes,Yes,Recycling garbage can,No
962,15-24,Female,Yes,Yes,Recycling garbage can,No
189,15-24,Female,Yes,Yes,Recycling garbage can,No
602,15-24,Male,Yes,Yes,Recycling garbage can,No
619,15-24,Male,Yes,Yes,Recycling garbage can,No
228,15-24,Female,Yes,Yes,Recycling garbage can,No
578,15-24,Male,Yes,Yes,Recycling garbage can,No
764,15-24,Female,Yes,Yes,Recycling garbage can,No
812,15-24,Male,Yes,Yes,Recycling garbage can,No
915,15-24,Female,Yes,Yes,Recycling garbage can,No
539,15-24,Male,Yes,Yes,Recycling garbage can,No
149,15-24,Male,Yes,Yes,Recycling garbage can,No
69,15-24,Male,Yes,Yes,Recycling garbage can,No
83,15-24,Male,Yes,Yes,Recycling garbage can,No
850,15-24,Male,Yes,Yes,Recycling garbage can,No
573,15-24,Female,Yes,Yes,Recycling garbage can,Yes
736,15-24,Male,Yes,Yes,Recycling garbage can,Yes
631,15-24,Male,Yes,Yes,Recycling garbage can,Yes
837,15-24,Female,Yes,Yes,Recycling garbage can,Yes
711,15-24,Female,Yes,Yes,Recycling garbage can,Yes
179,15-24,Female,Yes,Yes,Recycling garbage can,Yes
724,15-24,Male,Yes,Yes,Recycling garbage can,Yes
332,15-24,Female,Yes,Yes,Recycling garbage can,Yes
750,15-24,Female,Yes,Yes,Recycling garbage can,Yes
61,15-24,Female,Yes,Yes,Recycling garbage can,Yes
612,15-24,Female,Yes,Yes,Recycling garbage can,Yes
835,15-24,Female,Yes,Yes,Recycling garbage can,Yes
445,15-24,Female,Yes,Yes,Recycling garbage can,Yes
17,15-24,Male,Yes,Yes,Recycling garbage can,Yes
59,15-24,Male,Yes,Yes,Recycling garbage can,Yes
86,15-24,Female,Yes,Yes,Recycling garbage can,Yes
90,15-24,Female,Yes,Yes,Recycling garbage can,Yes
132,15-24,Female,Yes,Yes,Recycling garbage can,Yes
136,15-24,Female,Yes,Yes,Recycling garbage can,Yes
176,15-24,Male,Yes,Yes,Recycling garbage can,Yes
200,15-24,Female,Yes,Yes,Recycling garbage can,Yes
255,15-24,Female,Yes,Yes,Recycling garbage can,Yes
319,15-24,Male,Yes,Yes,Recycling garbage can,Yes
327,15-24,Female,Yes,Yes,Recycling garbage can,Yes
328,15-24,Male,Yes,Yes,Recycling garbage can,Yes
331,15-24,Male,Yes,Yes,Recycling garbage can,Yes
370,15-24,Female,Yes,Yes,Recycling garbage can,Yes
373,15-24,Male,Yes,Yes,Recycling garbage can,Yes
478,15-24,Female,Yes,Yes,Recycling garbage can,Yes
617,15-24,Female,Yes,Yes,Recycling garbage can,Yes
618,15-24,Female,Yes,Yes,Recycling garbage can,Yes
621,15-24,Female,Yes,Yes,Recycling garbage can,Yes
625,15-24,Female,Yes,Yes,Recycling garbage can,Yes
743,15-24,Female,Yes,Yes,Recycling garbage can,Yes
745,15-24,Male,Yes,Yes,Recycling garbage can,Yes
746,15-24,Female,Yes,Yes,Recycling garbage can,Yes
763,15-24,Male,Yes,Yes,Recycling garbage can,Yes
787,15-24,Female,Yes,Yes,Recycling garbage can,Yes
795,15-24,Female,Yes,Yes,Recycling garbage can,Yes
797,15-24,Male,Yes,Yes,Recycling garbage can,Yes
887,15-24,Male,Yes,Yes,Recycling garbage can,Yes
929,15-24,Male,Yes,Yes,Recycling garbage can,Yes
1014,15-24,Male,Yes,Yes,Recycling garbage can,Yes
855,25-35,Male,Yes,Yes,Recycling garbage can,Yes
800,25-35,Male,Yes,Yes,Recycling garbage can,Yes
729,25-35,Male,Yes,Yes,Recycling garbage can,Yes
166,25-35,Female,Yes,Yes,Recycling garbage can,Yes
220,25-35,Female,Yes,Yes,Recycling garbage can,Yes
334,25-35,Female,Yes,Yes,Recycling garbage can,Yes
324,25-35,Female,Yes,Yes,Recycling garbage can,Yes
17,25-35,Male,Yes,Yes,Recycling garbage can,Yes
205,25-35,Female,Yes,Yes,Recycling garbage can,Yes
340,25-35,Female,Yes,Yes,Recycling garbage can,Yes
403,25-35,Female,Yes,Yes,Recycling garbage can,Yes
59,25-35,Female,Yes,Yes,Recycling garbage can,Yes
964,25-35,Male,Yes,Yes,Recycling garbage can,Yes
398,25-35,Female,Yes,Yes,Recycling garbage can,Yes
716,25-35,Female,Yes,Yes,Recycling garbage can,Yes
409,25-35,Male,Yes,Yes,Recycling garbage can,Yes
439,25-35,Female,Yes,Yes,Recycling garbage can,Yes
801,25-35,Female,Yes,Yes,Recycling garbage can,Yes
392,25-35,Female,Yes,Yes,Recycling garbage can,Yes
989,25-35,Female,Yes,Yes,Recycling garbage can,Yes
35,25-35,Male,Yes,Yes,Recycling garbage can,Yes
57,25-35,Female,Yes,Yes,Recycling garbage can,Yes
219,25-35,Male,Yes,Yes,Recycling garbage can,Yes
232,25-35,Male,Yes,Yes,Recycling garbage can,Yes
236,25-35,Female,Yes,Yes,Recycling garbage can,Yes
258,25-35,Female,Yes,Yes,Recycling garbage can,Yes
321,25-35,Male,Yes,Yes,Recycling garbage can,Yes
346,25-35,Male,Yes,Yes,Recycling garbage can,Yes
405,25-35,Female,Yes,Yes,Recycling garbage can,Yes
530,25-35,Female,Yes,Yes,Recycling garbage can,No
691,25-35,Male,Yes,Yes,Recycling garbage can,No
786,25-35,Male,Yes,Yes,Recycling garbage can,No
894,25-35,Male,Yes,Yes,Recycling garbage can,No
1016,25-35,Male,Yes,Yes,Recycling garbage can,No
57,36-45,Male,Yes,Yes,Recycling garbage can,No
166,36-45,Male,Yes,Yes,Recycling garbage can,No
371,36-45,Female,Yes,Yes,Recycling garbage can,No
660,36-45,Male,Yes,Yes,Recycling garbage can,No
143,36-45,Female,Yes,Yes,Recycling garbage can,No
390,36-45,Male,Yes,Yes,Recycling garbage can,No
949,36-45,Male,Yes,Yes,Recycling garbage can,No
895,36-45,Male,Yes,Yes,Recycling garbage can,No
229,36-45,Female,Yes,Yes,Recycling garbage can,No
865,36-45,Female,Yes,Yes,Recycling garbage can,No
394,36-45,Female,Yes,Yes,Recycling garbage can,No
872,36-45,Female,Yes,Yes,Recycling garbage can,No
873,36-45,Male,Yes,Yes,Recycling garbage can,No
286,36-45,Male,Yes,Yes,Recycling garbage can,No
319,36-45,Male,Yes,Yes,Recycling garbage can,No
268,36-45,Male,Yes,Yes,Recycling garbage can,No
362,36-45,Female,Yes,Yes,Recycling garbage can,No
713,36-45,Male,Yes,Yes,Recycling garbage can,No
997,36-45,Male,Yes,Yes,Recycling garbage can,No
607,36-45,Male,Yes,Yes,Recycling garbage can,No
735,36-45,Male,Yes,Yes,Recycling garbage can,No
953,36-45,Male,Yes,Yes,Recycling garbage can,No
382,36-45,Female,Yes,Yes,Recycling garbage can,No
348,36-45,Male,Yes,Yes,Recycling garbage can,No
96,36-45,Male,Yes,Yes,Recycling garbage can,No
875,36-45,Male,Yes,Yes,Recycling garbage can,No
500,36-45,Male,Yes,Yes,Recycling garbage can,No
491,36-45,Female,Yes,Yes,Recycling garbage can,No
506,36-45,Male,Yes,Yes,Recycling garbage can,No
447,36-45,Male,Yes,Yes,Recycling garbage can,No
28,36-45,Female,Yes,Yes,Recycling garbage can,No
333,36-45,Male,Yes,Yes,Recycling garbage can,No
391,36-45,Male,Yes,Yes,Recycling garbage can,No
441,36-45,Female,Yes,Yes,Recycling garbage can,No
466,36-45,Male,Yes,Yes,Recycling garbage can,No
642,36-45,Male,Yes,Yes,Recycling garbage can,No
951,36-45,Female,Yes,Yes,Recycling garbage can,No
952,36-45,Female,Yes,Yes,Recycling garbage can,No
954,36-45,Male,Yes,Yes,Recycling garbage can,No
414,36-45,Male,Yes,Yes,Recycling garbage can,No
453,36-45,Male,Yes,Yes,Recycling garbage can,No
669,36-45,Female,Yes,Yes,Recycling garbage can,No
15,36-45,Male,Yes,Yes,Recycling garbage can,No
267,36-45,Male,Yes,Yes,Recycling garbage can,No
784,36-45,Male,Yes,Yes,Recycling garbage can,No
255,36-45,Male,Yes,Yes,Recycling garbage can,No
830,36-45,Female,Yes,Yes,Recycling garbage can,No
650,36-45,Male,Yes,Yes,Recycling garbage can,No
692,36-45,Female,Yes,Yes,Recycling garbage can,No
987,36-45,Male,Yes,Yes,Recycling garbage can,No
820,36-45,Male,Yes,Yes,Recycling garbage can,No
168,36-45,Male,Yes,Yes,Recycling garbage can,No
755,36-45,Female,Yes,Yes,Recycling garbage can,No
859,36-45,Male,Yes,Yes,Recycling garbage can,No
244,36-45,Male,Yes,Yes,Recycling garbage can,No
265,36-45,Female,Yes,Yes,Recycling garbage can,No
459,36-45,Female,Yes,Yes,Recycling garbage can,No
186,36-45,Male,Yes,Yes,Recycling garbage can,No
846,36-45,Female,Yes,Yes,Recycling garbage can,No
821,36-45,Female,Yes,Yes,Recycling garbage can,Yes
203,36-45,Female,Yes,Yes,Recycling garbage can,Yes
806,36-45,Male,Yes,Yes,Recycling garbage can,Yes
743,36-45,Male,Yes,Yes,Recycling garbage can,Yes
570,36-45,Male,Yes,Yes,Recycling garbage can,Yes
530,36-45,Female,Yes,Yes,Recycling garbage can,Yes
489,36-45,Male,Yes,Yes,Recycling garbage can,Yes
299,36-45,Male,Yes,Yes,Recycling garbage can,Yes
117,36-45,Female,Yes,Yes,Recycling garbage can,Yes
986,36-45,Female,Yes,Yes,Recycling garbage can,Yes
294,36-45,Male,Yes,Yes,Recycling garbage can,Yes
993,36-45,Female,Yes,Yes,Recycling garbage can,Yes
1033,36-45,Male,Yes,Yes,Recycling garbage can,Yes
325,36-45,Male,Yes,Yes,Recycling garbage can,Yes
402,36-45,Male,Yes,Yes,Recycling garbage can,Yes
732,36-45,Female,Yes,Yes,Recycling garbage can,Yes
636,36-45,Female,Yes,Yes,Recycling garbage can,Yes
375,36-45,Female,Yes,Yes,Recycling garbage can,Yes
466,36-45,Female,Yes,Yes,Recycling garbage can,Yes
51,36-45,Male,Yes,Yes,Recycling garbage can,Yes
826,36-45,Male,Yes,Yes,Recycling garbage can,Yes
170,36-45,Female,Yes,Yes,Recycling garbage can,Yes
99,36-45,Female,Yes,Yes,Recycling garbage can,Yes
507,36-45,Female,Yes,Yes,Recycling garbage can,Yes
981,36-45,Male,Yes,Yes,Recycling garbage can,Yes
825,36-45,Male,Yes,Yes,Recycling garbage can,Yes
905,36-45,Female,Yes,Yes,Recycling garbage can,Yes
512,36-45,Female,Yes,Yes,Recycling garbage can,Yes
926,36-45,Female,Yes,Yes,Recycling garbage can,Yes
584,36-45,Male,Yes,Yes,Recycling garbage can,Yes
605,36-45,Female,Yes,Yes,Recycling garbage can,Yes
100,36-45,Male,Yes,Yes,Recycling garbage can,Yes
159,36-45,Female,Yes,Yes,Recycling garbage can,Yes
889,36-45,Male,Yes,Yes,Recycling garbage can,Yes
634,36-45,Female,Yes,Yes,Recycling garbage can,Yes
863,36-45,Female,Yes,Yes,Recycling garbage can,Yes
923,36-45,Female,Yes,Yes,Recycling garbage can,Yes
946,36-45,Female,Yes,Yes,Recycling garbage can,Yes
312,36-45,Female,Yes,Yes,Recycling garbage can,Yes
401,36-45,Female,Yes,Yes,Recycling garbage can,Yes
247,36-45,Female,Yes,Yes,Recycling garbage can,Yes
432,36-45,Male,Yes,Yes,Recycling garbage can,Yes
164,36-45,Male,Yes,Yes,Recycling garbage can,Yes
56,36-45,Female,Yes,Yes,Recycling garbage can,Yes
534,36-45,Female,Yes,Yes,Recycling garbage can,Yes
893,36-45,Male,Yes,Yes,Recycling garbage can,Yes
587,36-45,Male,Yes,Yes,Recycling garbage can,Yes
540,36-45,Male,Yes,Yes,Recycling garbage can,Yes
388,36-45,Female,Yes,Yes,Recycling garbage can,Yes
770,36-45,Male,Yes,Yes,Recycling garbage can,Yes
996,36-45,Male,Yes,Yes,Recycling garbage can,Yes
260,36-45,Male,Yes,Yes,Recycling garbage can,Yes
688,36-45,Male,Yes,Yes,Recycling garbage can,Yes
415,36-45,Female,Yes,Yes,Recycling garbage can,Yes
608,36-45,Female,Yes,Yes,Recycling garbage can,Yes
144,36-45,Female,Yes,Yes,Recycling garbage can,Yes
272,36-45,Male,Yes,Yes,Recycling garbage can,Yes
453,36-45,Female,Yes,Yes,Recycling garbage can,Yes
518,36-45,Female,Yes,Yes,Recycling garbage can,Yes
708,36-45,Male,Yes,Yes,Recycling garbage can,Yes
662,36-45,Female,Yes,Yes,Recycling garbage can,Yes
7,36-45,Female,Yes,Yes,Recycling garbage can,Yes
27,36-45,Male,Yes,Yes,Recycling garbage can,Yes
58,36-45,Female,Yes,Yes,Recycling garbage can,Yes
60,36-45,Female,Yes,Yes,Recycling garbage can,Yes
61,36-45,Female,Yes,Yes,Recycling garbage can,Yes
108,36-45,Male,Yes,Yes,Recycling garbage can,Yes
142,36-45,Male,Yes,Yes,Recycling garbage can,Yes
156,36-45,Male,Yes,Yes,Recycling garbage can,Yes
167,36-45,Male,Yes,Yes,Recycling garbage can,Yes
169,36-45,Female,Yes,Yes,Recycling garbage can,Yes
179,36-45,Male,Yes,Yes,Recycling garbage can,Yes
229,36-45,Female,Yes,Yes,Recycling garbage can,Yes
231,36-45,Female,Yes,Yes,Recycling garbage can,Yes
238,36-45,Female,Yes,Yes,Recycling garbage can,Yes
256,36-45,Male,Yes,Yes,Recycling garbage can,Yes
273,36-45,Female,Yes,Yes,Recycling garbage can,Yes
276,36-45,Male,Yes,Yes,Recycling garbage can,Yes
277,36-45,Male,Yes,Yes,Recycling garbage can,Yes
307,36-45,Male,Yes,Yes,Recycling garbage can,Yes
320,36-45,Female,Yes,Yes,Recycling garbage can,Yes
322,36-45,Male,Yes,Yes,Recycling garbage can,Yes
325,36-45,Female,Yes,Yes,Recycling garbage can,Yes
326,36-45,Female,Yes,Yes,Recycling garbage can,Yes
344,36-45,Male,Yes,Yes,Recycling garbage can,Yes
372,36-45,Female,Yes,Yes,Recycling garbage can,Yes
398,36-45,Female,Yes,Yes,Recycling garbage can,Yes
400,36-45,Female,Yes,Yes,Recycling garbage can,Yes
436,36-45,Male,Yes,Yes,Recycling garbage can,Yes
437,36-45,Male,Yes,Yes,Recycling garbage can,Yes
451,36-45,Male,Yes,Yes,Recycling garbage can,Yes
452,36-45,Female,Yes,Yes,Recycling garbage can,Yes
454,36-45,Female,Yes,Yes,Recycling garbage can,Yes
519,36-45,Female,Yes,Yes,Recycling garbage can,Yes
520,36-45,Female,Yes,Yes,Recycling garbage can,Yes
521,36-45,Female,Yes,Yes,Recycling garbage can,Yes
564,36-45,Male,Yes,Yes,Recycling garbage can,Yes
600,36-45,Male,Yes,Yes,Recycling garbage can,Yes
604,36-45,Male,Yes,Yes,Recycling garbage can,Yes
606,36-45,Male,Yes,Yes,Recycling garbage can,Yes
610,36-45,Female,Yes,Yes,Recycling garbage can,Yes
615,36-45,Male,Yes,Yes,Recycling garbage can,Yes
616,36-45,Male,Yes,Yes,Recycling garbage can,Yes
620,36-45,Female,Yes,Yes,Recycling garbage can,Yes
622,36-45,Male,Yes,Yes,Recycling garbage can,Yes
631,36-45,Male,Yes,Yes,Recycling garbage can,Yes
633,36-45,Male,Yes,Yes,Recycling garbage can,Yes
634,36-45,Female,Yes,Yes,Recycling garbage can,Yes
641,36-45,Female,Yes,Yes,Recycling garbage can,Yes
645,36-45,Female,Yes,Yes,Recycling garbage can,Yes
665,36-45,Female,Yes,Yes,Recycling garbage can,Yes
674,36-45,Male,Yes,Yes,Recycling garbage can,Yes
760,36-45,Female,Yes,Yes,Recycling garbage can,Yes
761,36-45,Male,Yes,Yes,Recycling garbage can,Yes
766,36-45,Female,Yes,Yes,Recycling garbage can,Yes
770,36-45,Female,Yes,Yes,Recycling garbage can,Yes
773,36-45,Male,Yes,Yes,Recycling garbage can,Yes
775,36-45,Female,Yes,Yes,Recycling garbage can,Yes
785,36-45,Male,Yes,Yes,Recycling garbage can,Yes
790,36-45,Male,Yes,Yes,Recycling garbage can,Yes
796,36-45,Female,Yes,Yes,Recycling garbage can,Yes
799,36-45,Male,Yes,Yes,Recycling garbage can,Yes
809,36-45,Female,Yes,Yes,Recycling garbage can,Yes
841,36-45,Female,Yes,Yes,Recycling garbage can,Yes
846,36-45,Female,Yes,Yes,Recycling garbage can,Yes
869,36-45,Male,Yes,Yes,Recycling garbage can,Yes
870,36-45,Female,Yes,Yes,Recycling garbage can,Yes
890,36-45,Female,Yes,Yes,Recycling garbage can,Yes
891,36-45,Female,Yes,Yes,Recycling garbage can,Yes
892,36-45,Male,Yes,Yes,Recycling garbage can,Yes
893,36-45,Male,Yes,Yes,Recycling garbage can,Yes
947,36-45,Female,Yes,Yes,Recycling garbage can,Yes
950,36-45,Male,Yes,Yes,Recycling garbage can,Yes
953,36-45,Male,Yes,Yes,Recycling garbage can,Yes
955,36-45,Male,Yes,Yes,Recycling garbage can,Yes
956,36-45,Female,Yes,Yes,Recycling garbage can,Yes
957,36-45,Female,Yes,Yes,Recycling garbage can,Yes
958,36-45,Male,Yes,Yes,Recycling garbage can,Yes
960,36-45,Male,Yes,Yes,Recycling garbage can,Yes
961,36-45,Male,Yes,Yes,Recycling garbage can,Yes
962,36-45,Female,Yes,Yes,Recycling garbage can,Yes
964,36-45,Female,Yes,Yes,Recycling garbage can,Yes
965,36-45,Female,Yes,Yes,Recycling garbage can,Yes
872,46+,Male,Yes,Yes,Recycling garbage can,No
771,46+,Female,Yes,Yes,Recycling garbage can,No
274,46+,Female,Yes,Yes,Recycling garbage can,No
808,46+,Male,Yes,Yes,Recycling garbage can,No
541,46+,Female,Yes,Yes,Recycling garbage can,No
109,46+,Male,Yes,Yes,Recycling garbage can,No
550,46+,Female,Yes,Yes,Recycling garbage can,No
181,46+,Female,Yes,Yes,Recycling garbage can,Yes
611,46+,Male,Yes,Yes,Recycling garbage can,Yes
998,46+,Female,Yes,Yes,Recycling garbage can,Yes
233,46+,Female,Yes,Yes,Recycling garbage can,Yes
320,46+,Male,Yes,Yes,Recycling garbage can,Yes
254,46+,Male,Yes,Yes,Recycling garbage can,Yes
98,46+,Female,Yes,Yes,Recycling garbage can,Yes
123,46+,Male,Yes,Yes,Recycling garbage can,Yes
629,46+,Female,Yes,Yes,Recycling garbage can,Yes
152,46+,Female,Yes,Yes,Recycling garbage can,Yes
643,46+,Female,Yes,Yes,Recycling garbage can,Yes
613,46+,Male,Yes,Yes,Recycling garbage can,Yes
418,46+,Male,Yes,Yes,Recycling garbage can,Yes
228,46+,Male,Yes,Yes,Recycling garbage can,Yes
25,46+,Male,Yes,Yes,Recycling garbage can,Yes
31,46+,Female,Yes,Yes,Recycling garbage can,Yes
32,46+,Male,Yes,Yes,Recycling garbage can,Yes
215,46+,Male,Yes,Yes,Recycling garbage can,Yes
233,46+,Male,Yes,Yes,Recycling garbage can,Yes
345,46+,Male,Yes,Yes,Recycling garbage can,Yes
611,46+,Female,Yes,Yes,Recycling garbage can,Yes
640,46+,Male,Yes,Yes,Recycling garbage can,Yes
644,46+,Female,Yes,Yes,Recycling garbage can,Yes
646,46+,Male,Yes,Yes,Recycling garbage can,Yes
822,46+,Female,Yes,Yes,Recycling garbage can,Yes
963,46+,Female,Yes,Yes,Recycling garbage can,Yes
1043,46+,Female,Yes,Yes,Recycling garbage can,Yes
138,46+,Male,Yes,Yes,Recycling garbage can,Yes
925,46+,Male,Yes,Yes,Recycling garbage can,Yes
858,46+,Male,Yes,Yes,Recycling garbage can,Yes
622,46+,Female,Yes,Yes,Recycling garbage can,Yes
623,46+,Female,Yes,Yes,Recycling garbage can,Yes
223,46+,Female,Yes,Yes,Recycling garbage can,Yes
697,46+,Female,Yes,Yes,Recycling garbage can,Yes
721,46+,Male,Yes,Yes,Recycling garbage can,Yes
840,46+,Female,Yes,Yes,Recycling garbage can,Yes
344,46+,Female,Yes,Yes,Recycling garbage can,Yes
232,46+,Male,Yes,Yes,Recycling garbage can,Yes
548,46+,Female,Yes,Yes,Recycling garbage can,Yes
419,46+,Female,Yes,Yes,Recycling garbage can,Yes
366,46+,Female,Yes,Yes,Recycling garbage can,Yes
468,46+,Male,Yes,Yes,Recycling garbage can,Yes
637,46+,Male,Yes,Yes,Recycling garbage can,Yes
218,46+,Female,Yes,Yes,Recycling garbage can,Yes
235,46+,Male,Yes,Yes,Recycling garbage can,Yes
269,46+,Female,Yes,Yes,Recycling garbage can,Yes
278,46+,Male,Yes,Yes,Recycling garbage can,Yes
374,46+,Female,Yes,Yes,Recycling garbage can,Yes
515,46+,Female,Yes,Yes,Recycling garbage can,Yes
643,46+,Female,Yes,Yes,Recycling garbage can,Yes
771,46+,Male,Yes,Yes,Recycling garbage can,Yes
803,46+,Female,Yes,Yes,Recycling garbage can,Yes
1044,15-24,Female,Yes,No,Standard garbage can,No
178,15-24,Male,Yes,Yes,Standard garbage can,No
119,15-24,Female,Yes,No,Standard garbage can,No
766,15-24,Male,Yes,Yes,Standard garbage can,No
45,15-24,Male,Yes,Yes,Standard garbage can,No
488,15-24,Male,Yes,No,Standard garbage can,No
757,15-24,Female,Yes,No,Standard garbage can,No
443,15-24,Female,Yes,Yes,Standard garbage can,No
173,15-24,Male,Yes,No,Standard garbage can,No
92,15-24,Male,Yes,Yes,Standard garbage can,No
933,15-24,Female,Yes,Yes,Standard garbage can,No
146,15-24,Male,Yes,No,Standard garbage can,No
1045,15-24,Female,Yes,No,Standard garbage can,No
818,15-24,Female,Yes,Yes,Standard garbage can,No
238,15-24,Male,Yes,No,Standard garbage can,No
433,15-24,Male,Yes,No,Standard garbage can,No
791,15-24,Male,Yes,Yes,Standard garbage can,No
31,15-24,Male,Yes,Yes,Standard garbage can,No
748,15-24,Male,Yes,Yes,Standard garbage can,No
267,15-24,Female,Yes,Yes,Standard garbage can,No
527,15-24,Female,Yes,Yes,Standard garbage can,No
973,15-24,Male,Yes,No,Standard garbage can,No
24,15-24,Male,Yes,No,Standard garbage can,No
126,15-24,Female,Yes,Yes,Standard garbage can,No
131,15-24,Female,Yes,Yes,Standard garbage can,No
165,15-24,Female,Yes,Yes,Standard garbage can,No
171,15-24,Male,Yes,No,Standard garbage can,No
182,15-24,Male,Yes,Yes,Standard garbage can,No
275,15-24,Male,Yes,Yes,Standard garbage can,No
290,15-24,Male,Yes,Yes,Standard garbage can,No
382,15-24,Male,Yes,No,Standard garbage can,No
383,15-24,Female,Yes,No,Standard garbage can,No
413,15-24,Male,Yes,No,Standard garbage can,No
415,15-24,Male,Yes,No,Standard garbage can,No
472,15-24,Male,Yes,No,Standard garbage can,No
639,15-24,Male,Yes,No,Standard garbage can,No
705,15-24,Male,Yes,No,Standard garbage can,No
707,15-24,Male,Yes,No,Standard garbage can,No
708,15-24,Male,Yes,No,Standard garbage can,No
715,15-24,Female,Yes,No,Standard garbage can,No
903,15-24,Female,Yes,No,Standard garbage can,No
913,15-24,Male,Yes,No,Standard garbage can,No
1013,15-24,Male,Yes,Yes,Standard garbage can,No
323,15-24,Male,Yes,No,Standard garbage can,No
1017,15-24,Male,Yes,No,Standard garbage can,No
266,15-24,Female,Yes,Yes,Standard garbage can,No
43,15-24,Male,Yes,Yes,Standard garbage can,No
939,15-24,Female,Yes,No,Standard garbage can,No
302,15-24,Female,Yes,No,Standard garbage can,No
16,15-24,Male,Yes,No,Standard garbage can,No
890,15-24,Female,Yes,No,Standard garbage can,No
189,15-24,Male,Yes,Yes,Standard garbage can,No
434,15-24,Female,Yes,Yes,Standard garbage can,No
437,15-24,Male,Yes,No,Standard garbage can,No
305,15-24,Female,Yes,No,Standard garbage can,No
11,15-24,Male,Yes,No,Standard garbage can,No
217,15-24,Female,Yes,No,Standard garbage can,No
337,15-24,Female,Yes,No,Standard garbage can,No
25,15-24,Male,Yes,No,Standard garbage can,No
158,15-24,Female,Yes,No,Standard garbage can,No
502,15-24,Female,Yes,No,Standard garbage can,No
632,15-24,Female,Yes,No,Standard garbage can,No
780,15-24,Male,Yes,No,Standard garbage can,No
687,15-24,Male,Yes,No,Standard garbage can,No
20,15-24,Male,Yes,No,Standard garbage can,No
41,15-24,Female,Yes,Yes,Standard garbage can,No
988,15-24,Male,Yes,No,Standard garbage can,No
501,15-24,Female,Yes,No,Standard garbage can,No
73,15-24,Female,Yes,Yes,Standard garbage can,No
19,15-24,Female,Yes,No,Standard garbage can,No
980,15-24,Male,Yes,No,Standard garbage can,No
783,15-24,Male,Yes,No,Standard garbage can,No
301,15-24,Female,Yes,No,Standard garbage can,No
58,15-24,Female,Yes,No,Standard garbage can,No
374,15-24,Male,Yes,No,Standard garbage can,No
581,15-24,Male,Yes,Yes,Standard garbage can,No
345,15-24,Female,Yes,No,Standard garbage can,No
815,15-24,Female,Yes,Yes,Standard garbage can,No
460,15-24,Female,Yes,Yes,Standard garbage can,No
734,15-24,Male,Yes,Yes,Standard garbage can,No
1053,15-24,Female,Yes,No,Standard garbage can,No
1016,15-24,Female,Yes,No,Standard garbage can,No
582,15-24,Female,Yes,No,Standard garbage can,No
477,15-24,Female,Yes,No,Standard garbage can,No
458,15-24,Male,Yes,No,Standard garbage can,No
898,15-24,Male,Yes,No,Standard garbage can,No
88,15-24,Female,Yes,No,Standard garbage can,No
67,15-24,Male,Yes,Yes,Standard garbage can,No
278,15-24,Male,Yes,No,Standard garbage can,No
906,15-24,Male,Yes,No,Standard garbage can,No
470,15-24,Female,Yes,Yes,Standard garbage can,No
831,15-24,Male,Yes,No,Standard garbage can,No
829,15-24,Female,Yes,No,Standard garbage can,No
420,15-24,Male,Yes,No,Standard garbage can,No
125,15-24,Female,Yes,No,Standard garbage can,No
651,15-24,Male,Yes,No,Standard garbage can,No
957,15-24,Male,Yes,No,Standard garbage can,No
280,15-24,Male,Yes,No,Standard garbage can,No
1018,15-24,Female,Yes,No,Standard garbage can,No
909,15-24,Female,Yes,No,Standard garbage can,No
983,15-24,Male,Yes,Yes,Standard garbage can,No
693,15-24,Male,Yes,No,Standard garbage can,No
956,15-24,Male,Yes,Yes,Standard garbage can,No
214,15-24,Female,Yes,No,Standard garbage can,No
814,15-24,Female,Yes,No,Standard garbage can,No
105,15-24,Male,Yes,No,Standard garbage can,No
596,15-24,Female,Yes,Yes,Standard garbage can,No
1036,15-24,Female,Yes,No,Standard garbage can,No
590,15-24,Female,Yes,No,Standard garbage can,No
945,15-24,Male,Yes,No,Standard garbage can,No
849,15-24,Male,Yes,No,Standard garbage can,No
546,15-24,Female,Yes,No,Standard garbage can,No
389,15-24,Female,Yes,No,Standard garbage can,No
225,15-24,Female,Yes,No,Standard garbage can,No
4,15-24,Female,Yes,No,Standard garbage can,No
245,15-24,Male,Yes,No,Standard garbage can,No
207,15-24,Female,Yes,Yes,Standard garbage can,No
8,15-24,Female,Yes,No,Standard garbage can,No
547,15-24,Female,Yes,No,Standard garbage can,No
665,15-24,Male,Yes,No,Standard garbage can,No
674,15-24,Male,Yes,No,Standard garbage can,No
391,15-24,Male,Yes,Yes,Standard garbage can,No
741,15-24,Female,Yes,Yes,Standard garbage can,No
958,15-24,Male,Yes,No,Standard garbage can,No
549,15-24,Male,Yes,No,Standard garbage can,No
306,15-24,Male,Yes,Yes,Standard garbage can,No
941,15-24,Male,Yes,No,Standard garbage can,No
22,15-24,Female,Yes,No,Standard garbage can,No
560,15-24,Female,Yes,No,Standard garbage can,No
373,15-24,Female,Yes,Yes,Standard garbage can,No
638,15-24,Male,Yes,Yes,Standard garbage can,No
802,15-24,Male,Yes,Yes,Standard garbage can,No
94,15-24,Male,Yes,No,Standard garbage can,No
358,15-24,Male,Yes,No,Standard garbage can,No
493,15-24,Female,Yes,Yes,Standard garbage can,No
799,15-24,Male,Yes,No,Standard garbage can,No
572,15-24,Female,Yes,No,Standard garbage can,No
461,15-24,Female,Yes,Yes,Standard garbage can,No
508,15-24,Male,Yes,No,Standard garbage can,No
515,15-24,Male,Yes,Yes,Standard garbage can,No
568,15-24,Male,Yes,No,Standard garbage can,No
648,15-24,Male,Yes,Yes,Standard garbage can,No
845,15-24,Male,Yes,Yes,Standard garbage can,No
976,15-24,Male,Yes,No,Standard garbage can,No
1005,15-24,Male,Yes,Yes,Standard garbage can,No
656,15-24,Male,Yes,No,Standard garbage can,No
313,15-24,Male,Yes,No,Standard garbage can,No
649,15-24,Male,Yes,No,Standard garbage can,No
704,15-24,Female,Yes,Yes,Standard garbage can,No
423,15-24,Male,Yes,Yes,Standard garbage can,No
314,15-24,Male,Yes,No,Standard garbage can,No
429,15-24,Female,Yes,No,Standard garbage can,No
137,15-24,Male,Yes,No,Standard garbage can,No
1004,15-24,Female,Yes,No,Standard garbage can,No
435,15-24,Male,Yes,No,Standard garbage can,No
603,15-24,Female,Yes,No,Standard garbage can,No
874,15-24,Male,Yes,Yes,Standard garbage can,No
190,15-24,Male,Yes,No,Standard garbage can,No
680,15-24,Male,Yes,Yes,Standard garbage can,No
198,15-24,Female,Yes,Yes,Standard garbage can,No
128,15-24,Female,Yes,Yes,Standard garbage can,No
700,15-24,Male,Yes,Yes,Standard garbage can,No
351,15-24,Female,Yes,No,Standard garbage can,No
559,15-24,Male,Yes,Yes,Standard garbage can,No
772,15-24,Male,Yes,No,Standard garbage can,No
1030,15-24,Male,Yes,No,Standard garbage can,No
744,15-24,Female,Yes,No,Standard garbage can,No
585,15-24,Female,Yes,No,Standard garbage can,No
160,15-24,Female,Yes,Yes,Standard garbage can,No
259,15-24,Male,Yes,Yes,Standard garbage can,No
930,15-24,Female,Yes,No,Standard garbage can,No
929,15-24,Female,Yes,No,Standard garbage can,No
112,15-24,Female,Yes,No,Standard garbage can,No
478,15-24,Female,Yes,No,Standard garbage can,No
931,15-24,Male,Yes,No,Standard garbage can,No
627,15-24,Female,Yes,No,Standard garbage can,No
35,15-24,Female,Yes,No,Standard garbage can,No
2,15-24,Female,Yes,No,Standard garbage can,No
208,15-24,Female,Yes,No,Standard garbage can,No
759,15-24,Female,Yes,No,Standard garbage can,No
369,15-24,Female,Yes,Yes,Standard garbage can,No
717,15-24,Male,Yes,Yes,Standard garbage can,No
878,15-24,Female,Yes,No,Standard garbage can,No
397,15-24,Male,Yes,Yes,Standard garbage can,No
1020,15-24,Male,Yes,Yes,Standard garbage can,No
841,15-24,Female,Yes,No,Standard garbage can,No
71,15-24,Male,Yes,No,Standard garbage can,No
331,15-24,Male,Yes,No,Standard garbage can,No
111,15-24,Male,Yes,Yes,Standard garbage can,No
296,15-24,Male,Yes,No,Standard garbage can,No
723,15-24,Female,Yes,No,Standard garbage can,No
2,15-24,Female,Yes,No,Standard garbage can,No
8,15-24,Female,Yes,Yes,Standard garbage can,No
11,15-24,Male,Yes,Yes,Standard garbage can,No
13,15-24,Female,Yes,No,Standard garbage can,No
14,15-24,Male,Yes,No,Standard garbage can,No
16,15-24,Male,Yes,No,Standard garbage can,No
20,15-24,Female,Yes,No,Standard garbage can,No
29,15-24,Female,Yes,No,Standard garbage can,No
39,15-24,Female,Yes,No,Standard garbage can,No
51,15-24,Male,Yes,Yes,Standard garbage can,No
73,15-24,Male,Yes,Yes,Standard garbage can,No
74,15-24,Female,Yes,No,Standard garbage can,No
75,15-24,Female,Yes,No,Standard garbage can,No
83,15-24,Female,Yes,No,Standard garbage can,No
85,15-24,Female,Yes,No,Standard garbage can,No
88,15-24,Male,Yes,No,Standard garbage can,No
99,15-24,Male,Yes,Yes,Standard garbage can,No
125,15-24,Female,Yes,No,Standard garbage can,No
133,15-24,Female,Yes,No,Standard garbage can,No
135,15-24,Female,Yes,No,Standard garbage can,No
137,15-24,Female,Yes,Yes,Standard garbage can,No
139,15-24,Male,Yes,No,Standard garbage can,No
140,15-24,Female,Yes,No,Standard garbage can,No
154,15-24,Male,Yes,Yes,Standard garbage can,No
158,15-24,Female,Yes,No,Standard garbage can,No
159,15-24,Female,Yes,No,Standard garbage can,No
162,15-24,Male,Yes,No,Standard garbage can,No
168,15-24,Male,Yes,No,Standard garbage can,No
170,15-24,Female,Yes,No,Standard garbage can,No
183,15-24,Male,Yes,No,Standard garbage can,No
185,15-24,Male,Yes,No,Standard garbage can,No
186,15-24,Female,Yes,No,Standard garbage can,No
187,15-24,Male,Yes,Yes,Standard garbage can,No
194,15-24,Male,Yes,Yes,Standard garbage can,No
195,15-24,Male,Yes,No,Standard garbage can,No
196,15-24,Female,Yes,No,Standard garbage can,No
197,15-24,Male,Yes,No,Standard garbage can,No
198,15-24,Female,Yes,No,Standard garbage can,No
201,15-24,Female,Yes,No,Standard garbage can,No
202,15-24,Female,Yes,Yes,Standard garbage can,No
203,15-24,Male,Yes,Yes,Standard garbage can,No
206,15-24,Male,Yes,No,Standard garbage can,No
223,15-24,Female,Yes,No,Standard garbage can,No
224,15-24,Male,Yes,No,Standard garbage can,No
259,15-24,Female,Yes,No,Standard garbage can,No
262,15-24,Female,Yes,Yes,Standard garbage can,No
265,15-24,Male,Yes,Yes,Standard garbage can,No
287,15-24,Male,Yes,No,Standard garbage can,No
289,15-24,Female,Yes,No,Standard garbage can,No
296,15-24,Male,Yes,No,Standard garbage can,No
306,15-24,Female,Yes,No,Standard garbage can,No
314,15-24,Female,Yes,Yes,Standard garbage can,No
332,15-24,Female,Yes,No,Standard garbage can,No
338,15-24,Female,Yes,Yes,Standard garbage can,No
368,15-24,Female,Yes,No,Standard garbage can,No
371,15-24,Male,Yes,No,Standard garbage can,No
379,15-24,Male,Yes,No,Standard garbage can,No
380,15-24,Female,Yes,No,Standard garbage can,No
381,15-24,Male,Yes,No,Standard garbage can,No
387,15-24,Female,Yes,No,Standard garbage can,No
388,15-24,Female,Yes,No,Standard garbage can,No
390,15-24,Male,Yes,No,Standard garbage can,No
394,15-24,Male,Yes,No,Standard garbage can,No
399,15-24,Male,Yes,No,Standard garbage can,No
409,15-24,Female,Yes,No,Standard garbage can,No
416,15-24,Male,Yes,No,Standard garbage can,No
458,15-24,Female,Yes,No,Standard garbage can,No
480,15-24,Female,Yes,No,Standard garbage can,No
499,15-24,Male,Yes,No,Standard garbage can,No
501,15-24,Male,Yes,Yes,Standard garbage can,No
518,15-24,Male,Yes,No,Standard garbage can,No
526,15-24,Female,Yes,Yes,Standard garbage can,No
562,15-24,Female,Yes,No,Standard garbage can,No
563,15-24,Female,Yes,No,Standard garbage can,No
565,15-24,Male,Yes,No,Standard garbage can,No
569,15-24,Male,Yes,No,Standard garbage can,No
577,15-24,Male,Yes,No,Standard garbage can,No
589,15-24,Male,Yes,No,Standard garbage can,No
590,15-24,Female,Yes,No,Standard garbage can,No
626,15-24,Male,Yes,No,Standard garbage can,No
632,15-24,Female,Yes,No,Standard garbage can,No
647,15-24,Male,Yes,Yes,Standard garbage can,No
649,15-24,Male,Yes,No,Standard garbage can,No
653,15-24,Female,Yes,No,Standard garbage can,No
654,15-24,Female,Yes,No,Standard garbage can,No
655,15-24,Female,Yes,No,Standard garbage can,No
664,15-24,Male,Yes,Yes,Standard garbage can,No
677,15-24,Female,Yes,No,Standard garbage can,No
682,15-24,Male,Yes,No,Standard garbage can,No
690,15-24,Male,Yes,No,Standard garbage can,No
703,15-24,Male,Yes,No,Standard garbage can,No
704,15-24,Female,Yes,No,Standard garbage can,No
706,15-24,Female,Yes,No,Standard garbage can,No
712,15-24,Female,Yes,No,Standard garbage can,No
714,15-24,Male,Yes,Yes,Standard garbage can,No
727,15-24,Male,Yes,No,Standard garbage can,No
744,15-24,Female,Yes,No,Standard garbage can,No
749,15-24,Male,Yes,No,Standard garbage can,No
755,15-24,Female,Yes,No,Standard garbage can,No
756,15-24,Male,Yes,No,Standard garbage can,No
762,15-24,Male,Yes,No,Standard garbage can,No
765,15-24,Male,Yes,No,Standard garbage can,No
780,15-24,Female,Yes,No,Standard garbage can,No
802,15-24,Male,Yes,No,Standard garbage can,No
827,15-24,Female,Yes,No,Standard garbage can,No
839,15-24,Male,Yes,No,Standard garbage can,No
844,15-24,Female,Yes,No,Standard garbage can,Yes
847,15-24,Female,Yes,No,Standard garbage can,Yes
854,15-24,Male,Yes,Yes,Standard garbage can,Yes
865,15-24,Female,Yes,No,Standard garbage can,Yes
904,15-24,Male,Yes,No,Standard garbage can,Yes
909,15-24,Male,Yes,No,Standard garbage can,Yes
910,15-24,Male,Yes,No,Standard garbage can,Yes
912,15-24,Female,Yes,No,Standard garbage can,Yes
920,15-24,Male,Yes,No,Standard garbage can,Yes
923,15-24,Male,Yes,Yes,Standard garbage can,Yes
925,15-24,Female,Yes,No,Standard garbage can,Yes
978,15-24,Male,Yes,No,Standard garbage can,Yes
981,15-24,Female,Yes,Yes,Standard garbage can,Yes
988,15-24,Male,Yes,Yes,Standard garbage can,Yes
997,15-24,Male,Yes,Yes,Standard garbage can,Yes
998,15-24,Male,Yes,No,Standard garbage can,Yes
1000,15-24,Female,Yes,No,Standard garbage can,Yes
1003,15-24,Female,Yes,Yes,Standard garbage can,Yes
1019,15-24,Female,Yes,No,Standard garbage can,Yes
832,25-35,Female,Yes,No,Standard garbage can,No
208,25-35,Male,Yes,No,Standard garbage can,No
243,25-35,Male,Yes,Yes,Standard garbage can,No
272,25-35,Female,Yes,Yes,Standard garbage can,No
336,25-35,Male,Yes,No,Standard garbage can,No
442,25-35,Male,Yes,Yes,Standard garbage can,No
477,25-35,Male,Yes,No,Standard garbage can,No
1032,25-35,Female,Yes,Yes,Standard garbage can,No
1044,25-35,Male,Yes,Yes,Standard garbage can,No
87,25-35,Female,Yes,No,Standard garbage can,No
581,25-35,Male,Yes,No,Standard garbage can,No
793,25-35,Female,Yes,Yes,Standard garbage can,No
510,25-35,Female,Yes,Yes,Standard garbage can,No
943,25-35,Female,Yes,No,Standard garbage can,No
408,25-35,Male,Yes,Yes,Standard garbage can,No
594,25-35,Male,Yes,No,Standard garbage can,No
103,25-35,Male,Yes,No,Standard garbage can,No
357,25-35,Male,Yes,No,Standard garbage can,No
907,25-35,Male,Yes,No,Standard garbage can,No
304,25-35,Male,Yes,Yes,Standard garbage can,No
796,25-35,Male,Yes,No,Standard garbage can,No
668,25-35,Female,Yes,Yes,Standard garbage can,No
405,25-35,Male,Yes,Yes,Standard garbage can,No
76,25-35,Male,Yes,Yes,Standard garbage can,No
952,25-35,Female,Yes,No,Standard garbage can,No
10,25-35,Female,Yes,No,Standard garbage can,No
474,25-35,Male,Yes,Yes,Standard garbage can,No
727,25-35,Female,Yes,Yes,Standard garbage can,No
710,25-35,Male,Yes,Yes,Standard garbage can,No
191,25-35,Male,Yes,Yes,Standard garbage can,No
139,25-35,Female,Yes,No,Standard garbage can,No
822,25-35,Female,Yes,No,Standard garbage can,No
212,25-35,Female,Yes,No,Standard garbage can,No
726,25-35,Male,Yes,No,Standard garbage can,No
965,25-35,Female,Yes,Yes,Standard garbage can,No
959,25-35,Female,Yes,No,Standard garbage can,No
323,25-35,Female,Yes,No,Standard garbage can,No
138,25-35,Female,Yes,Yes,Standard garbage can,No
169,25-35,Male,Yes,No,Standard garbage can,No
450,25-35,Male,Yes,No,Standard garbage can,No
476,25-35,Male,Yes,Yes,Standard garbage can,No
862,25-35,Female,Yes,Yes,Standard garbage can,No
896,25-35,Female,Yes,Yes,Standard garbage can,No
768,25-35,Male,Yes,No,Standard garbage can,No
795,25-35,Female,Yes,Yes,Standard garbage can,No
182,25-35,Female,Yes,Yes,Standard garbage can,No
694,25-35,Male,Yes,No,Standard garbage can,No
81,25-35,Female,Yes,Yes,Standard garbage can,No
444,25-35,Female,Yes,No,Standard garbage can,No
448,25-35,Female,Yes,Yes,Standard garbage can,No
266,25-35,Male,Yes,No,Standard garbage can,No
407,25-35,Male,Yes,Yes,Standard garbage can,No
127,25-35,Male,Yes,No,Standard garbage can,No
961,25-35,Female,Yes,No,Standard garbage can,No
586,25-35,Female,Yes,No,Standard garbage can,No
635,25-35,Female,Yes,No,Standard garbage can,No
395,25-35,Male,Yes,No,Standard garbage can,No
553,25-35,Male,Yes,Yes,Standard garbage can,No
888,25-35,Female,Yes,No,Standard garbage can,No
324,25-35,Male,Yes,No,Standard garbage can,No
604,25-35,Male,Yes,Yes,Standard garbage can,No
785,25-35,Male,Yes,No,Standard garbage can,No
792,25-35,Female,Yes,Yes,Standard garbage can,No
963,25-35,Female,Yes,No,Standard garbage can,No
1055,25-35,Female,Yes,No,Standard garbage can,No
928,25-35,Female,Yes,Yes,Standard garbage can,No
135,25-35,Female,Yes,No,Standard garbage can,No
372,25-35,Male,Yes,No,Standard garbage can,No
948,25-35,Male,Yes,No,Standard garbage can,No
1028,25-35,Female,Yes,Yes,Standard garbage can,No
142,25-35,Male,Yes,No,Standard garbage can,No
281,25-35,Male,Yes,Yes,Standard garbage can,No
609,25-35,Female,Yes,Yes,Standard garbage can,No
853,25-35,Female,Yes,Yes,Standard garbage can,No
356,25-35,Male,Yes,No,Standard garbage can,No
9,25-35,Female,Yes,No,Standard garbage can,No
86,25-35,Male,Yes,Yes,Standard garbage can,No
246,25-35,Male,Yes,No,Standard garbage can,No
823,25-35,Female,Yes,No,Standard garbage can,No
880,25-35,Male,Yes,No,Standard garbage can,No
942,25-35,Male,Yes,Yes,Standard garbage can,No
979,25-35,Female,Yes,Yes,Standard garbage can,No
695,25-35,Male,Yes,No,Standard garbage can,No
421,25-35,Female,Yes,No,Standard garbage can,No
672,25-35,Male,Yes,No,Standard garbage can,No
803,25-35,Male,Yes,No,Standard garbage can,No
828,25-35,Female,Yes,No,Standard garbage can,No
951,25-35,Male,Yes,No,Standard garbage can,No
70,25-35,Female,Yes,No,Standard garbage can,No
698,25-35,Female,Yes,No,Standard garbage can,No
68,25-35,Female,Yes,No,Standard garbage can,No
349,25-35,Female,Yes,Yes,Standard garbage can,No
567,25-35,Male,Yes,No,Standard garbage can,No
778,25-35,Female,Yes,Yes,Standard garbage can,No
37,25-35,Female,Yes,No,Standard garbage can,No
65,25-35,Female,Yes,No,Standard garbage can,No
67,25-35,Male,Yes,No,Standard garbage can,No
97,25-35,Male,Yes,No,Standard garbage can,No
98,25-35,Female,Yes,No,Standard garbage can,No
101,25-35,Male,Yes,No,Standard garbage can,No
113,25-35,Female,Yes,No,Standard garbage can,No
130,25-35,Male,Yes,No,Standard garbage can,No
145,25-35,Female,Yes,No,Standard garbage can,No
192,25-35,Female,Yes,Yes,Standard garbage can,No
212,25-35,Female,Yes,No,Standard garbage can,No
226,25-35,Female,Yes,No,Standard garbage can,No
252,25-35,Male,Yes,Yes,Standard garbage can,No
286,25-35,Female,Yes,No,Standard garbage can,No
329,25-35,Male,Yes,No,Standard garbage can,No
337,25-35,Female,Yes,No,Standard garbage can,No
354,25-35,Female,Yes,No,Standard garbage can,No
359,25-35,Female,Yes,No,Standard garbage can,No
396,25-35,Female,Yes,No,Standard garbage can,No
412,25-35,Female,Yes,No,Standard garbage can,No
498,25-35,Male,Yes,No,Standard garbage can,No
500,25-35,Female,Yes,No,Standard garbage can,No
517,25-35,Male,Yes,Yes,Standard garbage can,No
525,25-35,Male,Yes,Yes,Standard garbage can,No
548,25-35,Male,Yes,Yes,Standard garbage can,No
554,25-35,Male,Yes,Yes,Standard garbage can,No
575,25-35,Female,Yes,No,Standard garbage can,No
628,25-35,Male,Yes,Yes,Standard garbage can,No
629,25-35,Female,Yes,Yes,Standard garbage can,No
652,25-35,Male,Yes,Yes,Standard garbage can,No
672,25-35,Female,Yes,No,Standard garbage can,No
678,25-35,Male,Yes,No,Standard garbage can,Yes
683,25-35,Male,Yes,No,Standard garbage can,Yes
689,25-35,Female,Yes,No,Standard garbage can,Yes
695,25-35,Male,Yes,No,Standard garbage can,Yes
718,25-35,Male,Yes,Yes,Standard garbage can,Yes
734,25-35,Female,Yes,No,Standard garbage can,Yes
778,25-35,Male,Yes,No,Standard garbage can,Yes
783,25-35,Female,Yes,No,Standard garbage can,Yes
798,25-35,Male,Yes,No,Standard garbage can,Yes
806,25-35,Female,Yes,No,Standard garbage can,Yes
819,25-35,Male,Yes,Yes,Standard garbage can,Yes
840,25-35,Male,Yes,No,Standard garbage can,Yes
848,25-35,Male,Yes,No,Standard garbage can,Yes
856,25-35,Male,Yes,No,Standard garbage can,Yes
864,25-35,Male,Yes,No,Standard garbage can,Yes
877,25-35,Male,Yes,Yes,Standard garbage can,Yes
906,25-35,Male,Yes,Yes,Standard garbage can,Yes
931,25-35,Male,Yes,No,Standard garbage can,Yes
969,25-35,Female,Yes,No,Standard garbage can,Yes
982,25-35,Male,Yes,No,Standard garbage can,Yes
984,25-35,Female,Yes,No,Standard garbage can,Yes
993,25-35,Male,Yes,No,Standard garbage can,Yes
996,25-35,Female,Yes,Yes,Standard garbage can,Yes
1004,25-35,Female,Yes,Yes,Standard garbage can,Yes
1012,25-35,Male,Yes,Yes,Standard garbage can,Yes
1018,25-35,Female,Yes,Yes,Standard garbage can,Yes
1036,25-35,Male,Yes,Yes,Standard garbage can,Yes
36,36-45,Male,Yes,No,Standard garbage can,Yes
261,36-45,Male,Yes,No,Standard garbage can,Yes
268,36-45,Male,Yes,No,Standard garbage can,Yes
250,36-45,Male,Yes,No,Standard garbage can,Yes
836,36-45,Male,Yes,Yes,Standard garbage can,Yes
93,36-45,Female,Yes,No,Standard garbage can,Yes
162,36-45,Female,Yes,Yes,Standard garbage can,Yes
720,36-45,Male,Yes,Yes,Standard garbage can,Yes
377,36-45,Male,Yes,Yes,Standard garbage can,Yes
282,36-45,Male,Yes,No,Standard garbage can,Yes
640,36-45,Male,Yes,Yes,Standard garbage can,Yes
52,36-45,Female,Yes,Yes,Standard garbage can,Yes
108,36-45,Male,Yes,No,Standard garbage can,Yes
1027,36-45,Male,Yes,No,Standard garbage can,Yes
786,36-45,Male,Yes,No,Standard garbage can,Yes
807,36-45,Male,Yes,Yes,Standard garbage can,Yes
393,36-45,Male,Yes,Yes,Standard garbage can,Yes
653,36-45,Female,Yes,No,Standard garbage can,Yes
756,36-45,Male,Yes,No,Standard garbage can,Yes
363,36-45,Male,Yes,Yes,Standard garbage can,Yes
258,36-45,Male,Yes,Yes,Standard garbage can,Yes
833,36-45,Female,Yes,No,Standard garbage can,Yes
860,36-45,Male,Yes,No,Standard garbage can,Yes
669,36-45,Male,Yes,Yes,Standard garbage can,Yes
273,36-45,Male,Yes,Yes,Standard garbage can,Yes
479,36-45,Male,Yes,Yes,Standard garbage can,Yes
485,36-45,Male,Yes,Yes,Standard garbage can,Yes
691,36-45,Male,Yes,No,Standard garbage can,Yes
188,36-45,Female,Yes,Yes,Standard garbage can,Yes
496,36-45,Male,Yes,Yes,Standard garbage can,Yes
336,36-45,Female,Yes,Yes,Standard garbage can,Yes
23,36-45,Male,Yes,Yes,Standard garbage can,Yes
62,36-45,Female,Yes,No,Standard garbage can,Yes
1032,36-45,Male,Yes,No,Standard garbage can,Yes
917,36-45,Female,Yes,Yes,Standard garbage can,Yes
209,36-45,Male,Yes,Yes,Standard garbage can,Yes
902,36-45,Female,Yes,Yes,Standard garbage can,Yes
66,36-45,Female,Yes,No,Standard garbage can,Yes
731,36-45,Female,Yes,Yes,Standard garbage can,Yes
817,36-45,Female,Yes,No,Standard garbage can,Yes
234,36-45,Male,Yes,Yes,Standard garbage can,Yes
60,36-45,Male,Yes,Yes,Standard garbage can,Yes
174,36-45,Male,Yes,No,Standard garbage can,Yes
642,36-45,Male,Yes,Yes,Standard garbage can,Yes
555,36-45,Female,Yes,Yes,Standard garbage can,Yes
787,36-45,Female,Yes,No,Standard garbage can,Yes
367,36-45,Female,Yes,Yes,Standard garbage can,Yes
789,36-45,Male,Yes,Yes,Standard garbage can,Yes
495,36-45,Female,Yes,Yes,Standard garbage can,Yes
87,36-45,Male,Yes,No,Standard garbage can,Yes
339,36-45,Male,Yes,No,Standard garbage can,Yes
483,36-45,Male,Yes,No,Standard garbage can,Yes
150,36-45,Female,Yes,No,Standard garbage can,Yes
562,36-45,Female,Yes,Yes,Standard garbage can,Yes
569,36-45,Male,Yes,Yes,Standard garbage can,Yes
12,36-45,Male,Yes,No,Standard garbage can,Yes
593,36-45,Female,Yes,Yes,Standard garbage can,Yes
193,36-45,Female,Yes,Yes,Standard garbage can,Yes
136,36-45,Female,Yes,Yes,Standard garbage can,Yes
561,36-45,Female,Yes,No,Standard garbage can,No
140,36-45,Male,Yes,No,Standard garbage can,No
525,36-45,Male,Yes,No,Standard garbage can,No
130,36-45,Male,Yes,No,Standard garbage can,No
1049,36-45,Male,Yes,No,Standard garbage can,No
867,36-45,Female,Yes,Yes,Standard garbage can,No
913,36-45,Female,Yes,Yes,Standard garbage can,No
269,36-45,Female,Yes,No,Standard garbage can,No
657,36-45,Female,Yes,No,Standard garbage can,No
364,36-45,Male,Yes,No,Standard garbage can,No
675,36-45,Female,Yes,No,Standard garbage can,No
645,36-45,Male,Yes,Yes,Standard garbage can,No
523,36-45,Female,Yes,Yes,Standard garbage can,No
1038,36-45,Female,Yes,No,Standard garbage can,No
271,36-45,Male,Yes,Yes,Standard garbage can,No
922,36-45,Female,Yes,Yes,Standard garbage can,No
1001,36-45,Female,Yes,No,Standard garbage can,No
221,36-45,Male,Yes,No,Standard garbage can,No
30,36-45,Male,Yes,Yes,Standard garbage can,No
797,36-45,Female,Yes,Yes,Standard garbage can,No
1009,36-45,Female,Yes,Yes,Standard garbage can,No
263,36-45,Female,Yes,No,Standard garbage can,No
842,36-45,Male,Yes,No,Standard garbage can,No
811,36-45,Male,Yes,Yes,Standard garbage can,No
712,36-45,Male,Yes,Yes,Standard garbage can,No
427,36-45,Male,Yes,No,Standard garbage can,No
918,36-45,Male,Yes,Yes,Standard garbage can,No
34,36-45,Female,Yes,No,Standard garbage can,No
932,36-45,Female,Yes,No,Standard garbage can,No
118,36-45,Male,Yes,Yes,Standard garbage can,No
7,36-45,Male,Yes,No,Standard garbage can,No
72,36-45,Male,Yes,Yes,Standard garbage can,No
794,36-45,Male,Yes,Yes,Standard garbage can,No
725,36-45,Male,Yes,No,Standard garbage can,No
78,36-45,Male,Yes,Yes,Standard garbage can,No
30,36-45,Male,Yes,Yes,Standard garbage can,No
100,36-45,Male,Yes,No,Standard garbage can,No
102,36-45,Female,Yes,Yes,Standard garbage can,No
122,36-45,Female,Yes,No,Standard garbage can,No
188,36-45,Female,Yes,Yes,Standard garbage can,No
225,36-45,Male,Yes,No,Standard garbage can,No
227,36-45,Male,Yes,No,Standard garbage can,No
239,36-45,Male,Yes,No,Standard garbage can,No
241,36-45,Female,Yes,No,Standard garbage can,No
253,36-45,Male,Yes,Yes,Standard garbage can,No
271,36-45,Female,Yes,Yes,Standard garbage can,No
274,36-45,Female,Yes,Yes,Standard garbage can,No
283,36-45,Male,Yes,Yes,Standard garbage can,No
316,36-45,Male,Yes,No,Standard garbage can,No
335,36-45,Female,Yes,Yes,Standard garbage can,No
341,36-45,Male,Yes,No,Standard garbage can,No
343,36-45,Male,Yes,Yes,Standard garbage can,No
347,36-45,Female,Yes,Yes,Standard garbage can,No
350,36-45,Female,Yes,No,Standard garbage can,No
357,36-45,Female,Yes,No,Standard garbage can,No
358,36-45,Male,Yes,No,Standard garbage can,No
361,36-45,Male,Yes,Yes,Standard garbage can,No
362,36-45,Female,Yes,No,Standard garbage can,No
363,36-45,Male,Yes,Yes,Standard garbage can,No
366,36-45,Male,Yes,Yes,Standard garbage can,No
375,36-45,Female,Yes,No,Standard garbage can,No
376,36-45,Male,Yes,No,Standard garbage can,No
378,36-45,Female,Yes,No,Standard garbage can,No
393,36-45,Male,Yes,No,Standard garbage can,No
397,36-45,Female,Yes,No,Standard garbage can,No
418,36-45,Female,Yes,No,Standard garbage can,No
424,36-45,Female,Yes,Yes,Standard garbage can,No
432,36-45,Female,Yes,No,Standard garbage can,No
435,36-45,Female,Yes,Yes,Standard garbage can,No
440,36-45,Male,Yes,No,Standard garbage can,No
446,36-45,Female,Yes,No,Standard garbage can,No
456,36-45,Male,Yes,Yes,Standard garbage can,No
459,36-45,Male,Yes,Yes,Standard garbage can,No
461,36-45,Male,Yes,Yes,Standard garbage can,No
463,36-45,Male,Yes,Yes,Standard garbage can,No
464,36-45,Male,Yes,No,Standard garbage can,No
465,36-45,Female,Yes,No,Standard garbage can,No
467,36-45,Female,Yes,No,Standard garbage can,No
468,36-45,Female,Yes,Yes,Standard garbage can,No
469,36-45,Male,Yes,No,Standard garbage can,No
470,36-45,Female,Yes,Yes,Standard garbage can,No
471,36-45,Female,Yes,Yes,Standard garbage can,No
510,36-45,Female,Yes,Yes,Standard garbage can,No
536,36-45,Male,Yes,Yes,Standard garbage can,No
623,36-45,Male,Yes,No,Standard garbage can,No
657,36-45,Female,Yes,Yes,Standard garbage can,No
739,36-45,Male,Yes,No,Standard garbage can,No
748,36-45,Female,Yes,Yes,Standard garbage can,No
777,36-45,Male,Yes,Yes,Standard garbage can,No
811,36-45,Female,Yes,Yes,Standard garbage can,No
815,36-45,Male,Yes,Yes,Standard garbage can,No
875,36-45,Female,Yes,Yes,Standard garbage can,No
878,36-45,Male,Yes,Yes,Standard garbage can,No
884,36-45,Male,Yes,Yes,Standard garbage can,No
917,36-45,Female,Yes,No,Standard garbage can,No
924,36-45,Male,Yes,Yes,Standard garbage can,No
932,36-45,Male,Yes,Yes,Standard garbage can,No
970,36-45,Male,Yes,Yes,Standard garbage can,No
973,36-45,Male,Yes,Yes,Standard garbage can,No
980,36-45,Female,Yes,Yes,Standard garbage can,No
991,36-45,Male,Yes,Yes,Standard garbage can,No
1015,36-45,Female,Yes,Yes,Standard garbage can,No
1038,36-45,Male,Yes,Yes,Standard garbage can,No
1041,36-45,Male,Yes,Yes,Standard garbage can,No
1042,36-45,Male,Yes,No,Standard garbage can,No
494,36-45,Male,Yes,No,Standard garbage can,No
613,36-45,Female,Yes,No,Standard garbage can,No
40,36-45,Male,Yes,No,Standard garbage can,No
330,36-45,Female,Yes,No,Standard garbage can,No
420,36-45,Male,Yes,No,Standard garbage can,No
450,36-45,Female,Yes,No,Standard garbage can,No
700,36-45,Female,Yes,No,Standard garbage can,No
72,36-45,Male,Yes,No,Standard garbage can,No
81,36-45,Male,Yes,No,Standard garbage can,No
605,36-45,Female,Yes,No,Standard garbage can,No
129,36-45,Female,Yes,No,Standard garbage can,No
270,36-45,Female,Yes,No,Standard garbage can,No
18,36-45,Male,Yes,Yes,Standard garbage can,No
1037,36-45,Male,Yes,No,Standard garbage can,No
231,36-45,Male,Yes,No,Standard garbage can,No
333,36-45,Male,Yes,No,Standard garbage can,No
145,36-45,Female,Yes,No,Standard garbage can,No
295,36-45,Female,Yes,No,Standard garbage can,No
354,36-45,Female,Yes,No,Standard garbage can,No
1011,36-45,Female,Yes,No,Standard garbage can,No
120,36-45,Male,Yes,No,Standard garbage can,No
881,36-45,Female,Yes,No,Standard garbage can,No
101,36-45,Female,Yes,Yes,Standard garbage can,No
353,36-45,Male,Yes,Yes,Standard garbage can,No
239,36-45,Female,Yes,Yes,Standard garbage can,No
565,36-45,Female,Yes,Yes,Standard garbage can,No
513,36-45,Female,Yes,Yes,Standard garbage can,No
602,36-45,Male,Yes,No,Standard garbage can,No
520,36-45,Female,Yes,No,Standard garbage can,No
110,36-45,Male,Yes,Yes,Standard garbage can,No
739,36-45,Male,Yes,No,Standard garbage can,No
237,36-45,Male,Yes,Yes,Standard garbage can,No
938,36-45,Male,Yes,No,Standard garbage can,No
482,36-45,Female,Yes,No,Standard garbage can,No
224,36-45,Female,Yes,No,Standard garbage can,No
703,36-45,Female,Yes,No,Standard garbage can,No
194,36-45,Female,Yes,No,Standard garbage can,No
399,36-45,Male,Yes,No,Standard garbage can,No
1047,36-45,Male,Yes,No,Standard garbage can,No
972,36-45,Female,Yes,No,Standard garbage can,No
75,36-45,Female,Yes,Yes,Standard garbage can,No
1039,36-45,Female,Yes,Yes,Standard garbage can,No
827,36-45,Female,Yes,No,Standard garbage can,No
383,36-45,Male,Yes,Yes,Standard garbage can,No
689,36-45,Male,Yes,No,Standard garbage can,No
900,36-45,Male,Yes,No,Standard garbage can,No
487,36-45,Male,Yes,Yes,Standard garbage can,No
172,36-45,Female,Yes,Yes,Standard garbage can,No
577,36-45,Female,Yes,No,Standard garbage can,No
798,36-45,Male,Yes,No,Standard garbage can,No
761,36-45,Female,Yes,Yes,Standard garbage can,No
106,36-45,Male,Yes,No,Standard garbage can,No
64,36-45,Female,Yes,Yes,Standard garbage can,No
352,36-45,Male,Yes,Yes,Standard garbage can,No
226,36-45,Male,Yes,No,Standard garbage can,No
242,36-45,Female,Yes,No,Standard garbage can,No
762,36-45,Male,Yes,Yes,Standard garbage can,No
924,36-45,Female,Yes,No,Standard garbage can,No
310,36-45,Female,Yes,No,Standard garbage can,No
1026,36-45,Male,Yes,Yes,Standard garbage can,No
116,36-45,Male,Yes,Yes,Standard garbage can,No
318,36-45,Male,Yes,No,Standard garbage can,No
788,36-45,Male,Yes,No,Standard garbage can,No
115,36-45,Female,Yes,No,Standard garbage can,No
910,36-45,Female,Yes,No,Standard garbage can,No
39,36-45,Female,Yes,No,Standard garbage can,No
1034,36-45,Male,Yes,No,Standard garbage can,No
545,36-45,Female,Yes,No,Standard garbage can,No
134,36-45,Male,Yes,Yes,Standard garbage can,No
185,36-45,Female,Yes,No,Standard garbage can,No
192,36-45,Male,Yes,No,Standard garbage can,No
745,36-45,Female,Yes,No,Standard garbage can,No
529,36-45,Female,Yes,Yes,Standard garbage can,No
676,36-45,Male,Yes,No,Standard garbage can,No
1031,36-45,Male,Yes,No,Standard garbage can,No
991,36-45,Female,Yes,Yes,Standard garbage can,No
894,36-45,Male,Yes,No,Standard garbage can,No
967,36-45,Female,Yes,No,Standard garbage can,No
1017,36-45,Male,Yes,No,Standard garbage can,No
74,36-45,Male,Yes,No,Standard garbage can,No
171,36-45,Male,Yes,No,Standard garbage can,No
462,36-45,Male,Yes,No,Standard garbage can,No
834,36-45,Female,Yes,No,Standard garbage can,No
684,36-45,Female,Yes,No,Standard garbage can,No
618,36-45,Female,Yes,No,Standard garbage can,No
591,36-45,Female,Yes,No,Standard garbage can,No
937,36-45,Female,Yes,No,Standard garbage can,No
790,36-45,Female,Yes,Yes,Standard garbage can,No
370,36-45,Male,Yes,No,Standard garbage can,No
936,36-45,Female,Yes,No,Standard garbage can,No
557,36-45,Male,Yes,Yes,Standard garbage can,No
738,36-45,Male,Yes,No,Standard garbage can,No
163,36-45,Male,Yes,Yes,Standard garbage can,No
879,36-45,Male,Yes,No,Standard garbage can,No
77,36-45,Male,Yes,Yes,Standard garbage can,No
652,36-45,Male,Yes,Yes,Standard garbage can,No
276,36-45,Female,Yes,No,Standard garbage can,No
706,36-45,Female,Yes,Yes,Standard garbage can,No
28,36-45,Female,Yes,No,Standard garbage can,No
719,36-45,Male,Yes,Yes,Standard garbage can,No
775,36-45,Male,Yes,Yes,Standard garbage can,No
960,36-45,Male,Yes,No,Standard garbage can,No
481,36-45,Male,Yes,No,Standard garbage can,No
747,36-45,Male,Yes,No,Standard garbage can,No
971,36-45,Female,Yes,No,Standard garbage can,No
264,36-45,Female,Yes,No,Standard garbage can,No
431,36-45,Female,Yes,Yes,Standard garbage can,No
1043,36-45,Female,Yes,No,Standard garbage can,No
486,36-45,Male,Yes,No,Standard garbage can,No
614,36-45,Female,Yes,Yes,Standard garbage can,No
107,36-45,Male,Yes,No,Standard garbage can,No
564,36-45,Female,Yes,No,Standard garbage can,No
220,36-45,Female,Yes,Yes,Standard garbage can,No
53,36-45,Female,Yes,No,Standard garbage can,No
279,36-45,Female,Yes,Yes,Standard garbage can,No
966,36-45,Female,Yes,No,Standard garbage can,No
471,36-45,Female,Yes,Yes,Standard garbage can,No
82,36-45,Female,Yes,No,Standard garbage can,No
262,36-45,Male,Yes,No,Standard garbage can,No
400,36-45,Male,Yes,No,Standard garbage can,No
620,36-45,Male,Yes,Yes,Standard garbage can,No
187,36-45,Male,Yes,No,Standard garbage can,No
428,36-45,Male,Yes,No,Standard garbage can,No
376,36-45,Female,Yes,Yes,Standard garbage can,No
968,36-45,Female,Yes,No,Standard garbage can,No
1014,36-45,Female,Yes,No,Standard garbage can,No
153,36-45,Male,Yes,Yes,Standard garbage can,No
947,36-45,Male,Yes,Yes,Standard garbage can,No
970,36-45,Male,Yes,Yes,Standard garbage can,No
50,36-45,Male,Yes,Yes,Standard garbage can,No
781,36-45,Male,Yes,No,Standard garbage can,No
449,36-45,Male,Yes,No,Standard garbage can,No
446,36-45,Female,Yes,No,Standard garbage can,No
696,36-45,Male,Yes,No,Standard garbage can,No
355,36-45,Male,Yes,No,Standard garbage can,No
222,36-45,Male,Yes,Yes,Standard garbage can,No
404,36-45,Female,Yes,No,Standard garbage can,No
155,36-45,Female,Yes,No,Standard garbage can,No
379,36-45,Female,Yes,No,Standard garbage can,No
321,36-45,Male,Yes,No,Standard garbage can,No
33,36-45,Male,Yes,No,Standard garbage can,No
861,36-45,Female,Yes,No,Standard garbage can,No
1007,36-45,Female,Yes,No,Standard garbage can,No
571,36-45,Male,Yes,Yes,Standard garbage can,No
343,36-45,Male,Yes,No,Standard garbage can,No
467,36-45,Male,Yes,No,Standard garbage can,No
839,36-45,Male,Yes,No,Standard garbage can,No
870,36-45,Male,Yes,Yes,Standard garbage can,No
219,36-45,Female,Yes,Yes,Standard garbage can,No
856,36-45,Female,Yes,Yes,Standard garbage can,No
180,36-45,Female,Yes,Yes,Standard garbage can,No
617,36-45,Male,Yes,Yes,Standard garbage can,No
535,36-45,Female,Yes,No,Standard garbage can,No
380,36-45,Male,Yes,Yes,Standard garbage can,No
869,36-45,Male,Yes,No,Standard garbage can,No
911,36-45,Male,Yes,No,Standard garbage can,No
416,36-45,Male,Yes,Yes,Standard garbage can,No
3,36-45,Male,Yes,Yes,Standard garbage can,No
647,36-45,Female,Yes,No,Standard garbage can,No
303,36-45,Female,Yes,No,Standard garbage can,No
701,36-45,Female,Yes,Yes,Standard garbage can,No
1000,36-45,Female,Yes,No,Standard garbage can,No
1002,36-45,Female,Yes,No,Standard garbage can,No
752,36-45,Female,Yes,No,Standard garbage can,No
204,36-45,Female,Yes,No,Standard garbage can,No
1040,36-45,Female,Yes,No,Standard garbage can,No
776,36-45,Female,Yes,Yes,Standard garbage can,No
505,36-45,Male,Yes,No,Standard garbage can,No
679,36-45,Male,Yes,No,Standard garbage can,No
661,36-45,Female,Yes,Yes,Standard garbage can,No
733,36-45,Male,Yes,No,Standard garbage can,No
252,36-45,Male,Yes,No,Standard garbage can,No
386,36-45,Male,Yes,Yes,Standard garbage can,No
293,36-45,Female,Yes,Yes,Standard garbage can,No
84,36-45,Female,Yes,No,Standard garbage can,No
702,36-45,Female,Yes,No,Standard garbage can,No
897,36-45,Female,Yes,No,Standard garbage can,No
240,36-45,Male,Yes,No,Standard garbage can,No
230,36-45,Male,Yes,Yes,Standard garbage can,No
79,36-45,Female,Yes,Yes,Standard garbage can,No
412,36-45,Female,Yes,Yes,Standard garbage can,No
978,36-45,Female,Yes,No,Standard garbage can,No
1029,36-45,Male,Yes,No,Standard garbage can,No
457,36-45,Male,Yes,Yes,Standard garbage can,No
765,36-45,Male,Yes,Yes,Standard garbage can,No
628,36-45,Female,Yes,No,Standard garbage can,No
275,36-45,Female,Yes,No,Standard garbage can,No
350,36-45,Male,Yes,Yes,Standard garbage can,No
200,36-45,Male,Yes,Yes,Standard garbage can,No
384,36-45,Male,Yes,No,Standard garbage can,No
705,36-45,Male,Yes,Yes,Standard garbage can,No
804,36-45,Male,Yes,Yes,Standard garbage can,No
151,36-45,Female,Yes,No,Standard garbage can,No
667,36-45,Female,Yes,No,Standard garbage can,No
456,36-45,Male,Yes,No,Standard garbage can,No
619,36-45,Female,Yes,Yes,Standard garbage can,No
42,36-45,Male,Yes,No,Standard garbage can,No
451,36-45,Male,Yes,No,Standard garbage can,No
538,36-45,Male,Yes,No,Standard garbage can,No
852,36-45,Male,Yes,No,Standard garbage can,No
819,36-45,Male,Yes,No,Standard garbage can,No
307,36-45,Female,Yes,No,Standard garbage can,No
122,36-45,Female,Yes,No,Standard garbage can,No
425,36-45,Male,Yes,No,Standard garbage can,No
625,36-45,Female,Yes,No,Standard garbage can,No
300,36-45,Female,Yes,Yes,Standard garbage can,No
516,36-45,Female,Yes,Yes,Standard garbage can,No
624,36-45,Female,Yes,No,Standard garbage can,No
494,36-45,Male,Yes,No,Standard garbage can,No
148,36-45,Female,Yes,Yes,Standard garbage can,No
14,36-45,Female,Yes,No,Standard garbage can,No
876,36-45,Female,Yes,Yes,Standard garbage can,No
566,36-45,Male,Yes,Yes,Standard garbage can,No
32,36-45,Male,Yes,Yes,Standard garbage can,No
908,36-45,Male,Yes,No,Standard garbage can,No
857,36-45,Female,Yes,No,Standard garbage can,No
709,36-45,Female,Yes,Yes,Standard garbage can,No
248,36-45,Male,Yes,Yes,Standard garbage can,No
681,36-45,Female,Yes,Yes,Standard garbage can,No
950,36-45,Male,Yes,Yes,Standard garbage can,No
184,36-45,Female,Yes,No,Standard garbage can,No
1015,36-45,Male,Yes,No,Standard garbage can,No
633,36-45,Male,Yes,No,Standard garbage can,No
579,36-45,Male,Yes,No,Standard garbage can,No
347,36-45,Male,Yes,No,Standard garbage can,No
199,36-45,Male,Yes,Yes,Standard garbage can,No
499,36-45,Male,Yes,No,Standard garbage can,No
1019,36-45,Male,Yes,No,Standard garbage can,No
284,36-45,Female,Yes,No,Standard garbage can,No
37,36-45,Male,Yes,No,Standard garbage can,No
574,36-45,Male,Yes,No,Standard garbage can,No
288,36-45,Female,Yes,No,Standard garbage can,No
329,36-45,Male,Yes,No,Standard garbage can,No
40,36-45,Female,Yes,No,Standard garbage can,No
441,36-45,Male,Yes,Yes,Standard garbage can,No
309,36-45,Female,Yes,No,Standard garbage can,No
480,36-45,Male,Yes,Yes,Standard garbage can,No
381,36-45,Female,Yes,No,Standard garbage can,No
810,36-45,Female,Yes,No,Standard garbage can,No
992,36-45,Female,Yes,Yes,Standard garbage can,No
13,36-45,Male,Yes,Yes,Standard garbage can,No
871,36-45,Male,Yes,No,Standard garbage can,No
21,36-45,Female,Yes,Yes,Standard garbage can,No
616,36-45,Male,Yes,Yes,Standard garbage can,No
595,36-45,Male,Yes,No,Standard garbage can,No
396,36-45,Male,Yes,No,Standard garbage can,No
887,36-45,Female,Yes,Yes,Standard garbage can,No
528,36-45,Male,Yes,No,Standard garbage can,No
464,36-45,Female,Yes,Yes,Standard garbage can,No
658,36-45,Male,Yes,No,Standard garbage can,No
341,36-45,Male,Yes,Yes,Standard garbage can,No
714,36-45,Female,Yes,Yes,Standard garbage can,No
85,36-45,Female,Yes,No,Standard garbage can,No
575,36-45,Male,Yes,No,Standard garbage can,No
864,36-45,Male,Yes,No,Standard garbage can,No
315,36-45,Male,Yes,Yes,Standard garbage can,No
685,36-45,Female,Yes,No,Standard garbage can,No
740,36-45,Female,Yes,No,Standard garbage can,No
1003,36-45,Male,Yes,No,Standard garbage can,No
26,36-45,Male,Yes,Yes,Standard garbage can,No
455,36-45,Male,Yes,No,Standard garbage can,No
588,36-45,Female,Yes,No,Standard garbage can,No
903,36-45,Female,Yes,No,Standard garbage can,No
133,36-45,Female,Yes,Yes,Standard garbage can,No
44,36-45,Female,Yes,Yes,Standard garbage can,No
1046,36-45,Female,Yes,No,Standard garbage can,No
977,36-45,Male,Yes,Yes,Standard garbage can,No
414,36-45,Male,Yes,Yes,Standard garbage can,No
891,36-45,Female,Yes,Yes,Standard garbage can,No
91,36-45,Female,Yes,Yes,Standard garbage can,No
126,36-45,Male,Yes,No,Standard garbage can,No
277,36-45,Female,Yes,Yes,Standard garbage can,No
532,36-45,Female,Yes,Yes,Standard garbage can,No
1025,36-45,Female,Yes,No,Standard garbage can,No
330,36-45,Male,Yes,No,Standard garbage can,No
927,36-45,Male,Yes,No,Standard garbage can,No
580,36-45,Male,Yes,Yes,Standard garbage can,No
935,36-45,Male,Yes,Yes,Standard garbage can,No
406,36-45,Male,Yes,No,Standard garbage can,No
944,36-45,Male,Yes,No,Standard garbage can,No
914,36-45,Female,Yes,No,Standard garbage can,No
317,36-45,Female,Yes,No,Standard garbage can,No
465,36-45,Female,Yes,No,Standard garbage can,No
297,36-45,Female,Yes,No,Standard garbage can,No
154,36-45,Female,Yes,Yes,Standard garbage can,No
597,36-45,Female,Yes,Yes,Standard garbage can,No
779,36-45,Female,Yes,No,Standard garbage can,No
1013,36-45,Female,Yes,No,Standard garbage can,No
1041,36-45,Female,Yes,Yes,Standard garbage can,No
995,36-45,Female,Yes,No,Standard garbage can,No
327,36-45,Female,Yes,No,Standard garbage can,No
1006,36-45,Female,Yes,Yes,Standard garbage can,No
47,36-45,Female,Yes,Yes,Standard garbage can,No
666,36-45,Female,Yes,Yes,Standard garbage can,No
885,36-45,Female,Yes,Yes,Standard garbage can,No
261,36-45,Female,Yes,Yes,Standard garbage can,No
883,36-45,Male,Yes,Yes,Standard garbage can,No
1021,36-45,Male,Yes,No,Standard garbage can,No
442,36-45,Female,Yes,Yes,Standard garbage can,No
749,36-45,Female,Yes,Yes,Standard garbage can,No
257,36-45,Female,Yes,Yes,Standard garbage can,No
387,36-45,Male,Yes,No,Standard garbage can,No
249,36-45,Male,Yes,No,Standard garbage can,No
655,36-45,Female,Yes,Yes,Standard garbage can,No
55,36-45,Male,Yes,Yes,Standard garbage can,No
969,36-45,Female,Yes,Yes,Standard garbage can,No
521,36-45,Female,Yes,Yes,Standard garbage can,No
440,36-45,Male,Yes,Yes,Standard garbage can,No
215,36-45,Male,Yes,Yes,Standard garbage can,No
6,36-45,Male,Yes,No,Standard garbage can,No
533,36-45,Male,Yes,No,Standard garbage can,No
626,36-45,Male,Yes,Yes,Standard garbage can,No
901,36-45,Male,Yes,No,Standard garbage can,No
847,36-45,Female,Yes,No,Standard garbage can,No
542,36-45,Female,Yes,Yes,Standard garbage can,No
417,36-45,Male,Yes,No,Standard garbage can,No
256,36-45,Female,Yes,Yes,Standard garbage can,No
554,36-45,Female,Yes,No,Standard garbage can,No
1023,36-45,Female,Yes,Yes,Standard garbage can,No
886,36-45,Female,Yes,No,Standard garbage can,No
920,36-45,Male,Yes,Yes,Standard garbage can,No
38,36-45,Male,Yes,Yes,Standard garbage can,No
793,36-45,Female,Yes,No,Standard garbage can,No
114,36-45,Female,Yes,No,Standard garbage can,No
503,36-45,Female,Yes,No,Standard garbage can,No
707,36-45,Female,Yes,No,Standard garbage can,No
498,36-45,Female,Yes,No,Standard garbage can,No
763,36-45,Male,Yes,Yes,Standard garbage can,No
346,36-45,Female,Yes,No,Standard garbage can,No
176,36-45,Female,Yes,No,Standard garbage can,No
514,36-45,Female,Yes,No,Standard garbage can,No
848,36-45,Male,Yes,Yes,Standard garbage can,No
990,36-45,Female,Yes,No,Standard garbage can,No
1052,36-45,Female,Yes,Yes,Standard garbage can,No
774,36-45,Female,Yes,Yes,Standard garbage can,No
940,36-45,Female,Yes,No,Standard garbage can,No
422,36-45,Male,Yes,No,Standard garbage can,No
767,36-45,Male,Yes,Yes,Standard garbage can,No
183,36-45,Male,Yes,Yes,Standard garbage can,No
452,36-45,Male,Yes,No,Standard garbage can,No
113,36-45,Female,Yes,Yes,Standard garbage can,No
737,36-45,Female,Yes,Yes,Standard garbage can,No
291,36-45,Male,Yes,Yes,Standard garbage can,No
728,36-45,Female,Yes,No,Standard garbage can,No
753,36-45,Male,Yes,Yes,Standard garbage can,No
677,36-45,Male,Yes,No,Standard garbage can,No
851,36-45,Male,Yes,Yes,Standard garbage can,No
641,36-45,Female,Yes,Yes,Standard garbage can,No
994,36-45,Male,Yes,Yes,Standard garbage can,No
95,36-45,Female,Yes,Yes,Standard garbage can,No
497,36-45,Male,Yes,No,Standard garbage can,No
955,36-45,Male,Yes,Yes,Standard garbage can,No
751,36-45,Female,Yes,Yes,Standard garbage can,No
147,36-45,Male,Yes,No,Standard garbage can,No
805,36-45,Male,Yes,No,Standard garbage can,No
1050,36-45,Male,Yes,No,Standard garbage can,No
599,36-45,Female,Yes,Yes,Standard garbage can,No
754,36-45,Female,Yes,No,Standard garbage can,No
536,36-45,Female,Yes,No,Standard garbage can,No
195,36-45,Female,Yes,No,Standard garbage can,No
678,36-45,Female,Yes,No,Standard garbage can,No
899,36-45,Female,Yes,Yes,Standard garbage can,No
131,36-45,Female,Yes,Yes,Standard garbage can,No
722,36-45,Male,Yes,No,Standard garbage can,No
218,36-45,Male,Yes,No,Standard garbage can,No
1024,36-45,Male,Yes,No,Standard garbage can,No
201,36-45,Male,Yes,No,Standard garbage can,No
97,36-45,Male,Yes,Yes,Standard garbage can,No
124,36-45,Female,Yes,Yes,Standard garbage can,No
316,36-45,Female,Yes,No,Standard garbage can,No
844,36-45,Male,Yes,No,Standard garbage can,No
430,36-45,Female,Yes,Yes,Standard garbage can,No
563,36-45,Male,Yes,Yes,Standard garbage can,No
882,36-45,Male,Yes,No,Standard garbage can,No
504,36-45,Female,Yes,Yes,Standard garbage can,No
365,36-45,Male,Yes,No,Standard garbage can,No
984,36-45,Male,Yes,No,Standard garbage can,No
167,36-45,Male,Yes,Yes,Standard garbage can,No
531,36-45,Male,Yes,No,Standard garbage can,No
854,36-45,Female,Yes,No,Standard garbage can,No
1,36-45,Female,Yes,No,Standard garbage can,No
3,36-45,Male,Yes,No,Standard garbage can,No
4,36-45,Female,Yes,No,Standard garbage can,No
5,36-45,Male,Yes,No,Standard garbage can,No
6,36-45,Female,Yes,No,Standard garbage can,No
9,36-45,Female,Yes,No,Standard garbage can,No
10,36-45,Male,Yes,No,Standard garbage can,No
12,36-45,Male,Yes,No,Standard garbage can,No
15,36-45,Female,Yes,No,Standard garbage can,No
18,36-45,Female,Yes,No,Standard garbage can,No
19,36-45,Female,Yes,No,Standard garbage can,No
21,36-45,Female,Yes,No,Standard garbage can,No
22,36-45,Male,Yes,No,Standard garbage can,No
23,36-45,Male,Yes,No,Standard garbage can,No
24,36-45,Male,Yes,No,Standard garbage can,No
26,36-45,Female,Yes,No,Standard garbage can,No
33,36-45,Female,Yes,No,Standard garbage can,No
34,36-45,Female,Yes,Yes,Standard garbage can,No
38,36-45,Male,Yes,No,Standard garbage can,No
42,36-45,Female,Yes,Yes,Standard garbage can,Yes
48,36-45,Female,Yes,No,Standard garbage can,Yes
49,36-45,Male,Yes,No,Standard garbage can,Yes
55,36-45,Female,Yes,Yes,Standard garbage can,Yes
68,36-45,Male,Yes,No,Standard garbage can,Yes
70,36-45,Male,Yes,No,Standard garbage can,Yes
76,36-45,Male,Yes,Yes,Standard garbage can,Yes
77,36-45,Male,Yes,No,Standard garbage can,Yes
78,36-45,Male,Yes,No,Standard garbage can,Yes
79,36-45,Female,Yes,Yes,Standard garbage can,Yes
82,36-45,Female,Yes,Yes,Standard garbage can,Yes
84,36-45,Female,Yes,No,Standard garbage can,Yes
91,36-45,Female,Yes,No,Standard garbage can,Yes
92,36-45,Male,Yes,No,Standard garbage can,Yes
93,36-45,Male,Yes,Yes,Standard garbage can,Yes
94,36-45,Female,Yes,No,Standard garbage can,Yes
95,36-45,Female,Yes,Yes,Standard garbage can,Yes
103,36-45,Female,Yes,No,Standard garbage can,Yes
104,36-45,Male,Yes,No,Standard garbage can,Yes
105,36-45,Male,Yes,No,Standard garbage can,Yes
109,36-45,Female,Yes,No,Standard garbage can,Yes
112,36-45,Male,Yes,No,Standard garbage can,Yes
116,36-45,Female,Yes,No,Standard garbage can,Yes
117,36-45,Male,Yes,Yes,Standard garbage can,Yes
119,36-45,Male,Yes,No,Standard garbage can,Yes
120,36-45,Male,Yes,No,Standard garbage can,Yes
121,36-45,Female,Yes,Yes,Standard garbage can,Yes
123,36-45,Female,Yes,Yes,Standard garbage can,Yes
124,36-45,Male,Yes,Yes,Standard garbage can,Yes
127,36-45,Male,Yes,No,Standard garbage can,Yes
128,36-45,Male,Yes,No,Standard garbage can,Yes
134,36-45,Female,Yes,No,Standard garbage can,Yes
141,36-45,Female,Yes,No,Standard garbage can,Yes
146,36-45,Male,Yes,No,Standard garbage can,Yes
148,36-45,Male,Yes,No,Standard garbage can,Yes
157,36-45,Female,Yes,Yes,Standard garbage can,Yes
160,36-45,Female,Yes,No,Standard garbage can,Yes
161,36-45,Male,Yes,No,Standard garbage can,Yes
164,36-45,Male,Yes,Yes,Standard garbage can,Yes
172,36-45,Male,Yes,Yes,Standard garbage can,Yes
173,36-45,Male,Yes,Yes,Standard garbage can,Yes
174,36-45,Female,Yes,No,Standard garbage can,Yes
175,36-45,Female,Yes,Yes,Standard garbage can,Yes
177,36-45,Female,Yes,No,Standard garbage can,Yes
178,36-45,Female,Yes,Yes,Standard garbage can,Yes
180,36-45,Female,Yes,No,Standard garbage can,Yes
181,36-45,Female,Yes,Yes,Standard garbage can,Yes
184,36-45,Female,Yes,No,Standard garbage can,Yes
190,36-45,Male,Yes,Yes,Standard garbage can,Yes
191,36-45,Female,Yes,Yes,Standard garbage can,Yes
193,36-45,Male,Yes,Yes,Standard garbage can,Yes
199,36-45,Male,Yes,No,Standard garbage can,Yes
204,36-45,Male,Yes,No,Standard garbage can,Yes
205,36-45,Female,Yes,Yes,Standard garbage can,Yes
207,36-45,Female,Yes,No,Standard garbage can,Yes
209,36-45,Male,Yes,No,Standard garbage can,Yes
210,36-45,Male,Yes,No,Standard garbage can,Yes
211,36-45,Male,Yes,No,Standard garbage can,Yes
214,36-45,Female,Yes,No,Standard garbage can,Yes
216,36-45,Male,Yes,No,Standard garbage can,Yes
217,36-45,Male,Yes,No,Standard garbage can,Yes
221,36-45,Female,Yes,No,Standard garbage can,Yes
230,36-45,Male,Yes,No,Standard garbage can,Yes
234,36-45,Female,Yes,No,Standard garbage can,Yes
237,36-45,Male,Yes,No,Standard garbage can,Yes
246,36-45,Female,Yes,Yes,Standard garbage can,Yes
247,36-45,Male,Yes,Yes,Standard garbage can,Yes
263,36-45,Female,Yes,Yes,Standard garbage can,Yes
270,36-45,Male,Yes,Yes,Standard garbage can,Yes
288,36-45,Female,Yes,Yes,Standard garbage can,Yes
292,36-45,Female,Yes,No,Standard garbage can,Yes
293,36-45,Male,Yes,No,Standard garbage can,Yes
294,36-45,Male,Yes,Yes,Standard garbage can,Yes
299,36-45,Female,Yes,Yes,Standard garbage can,Yes
300,36-45,Female,Yes,No,Standard garbage can,Yes
302,36-45,Male,Yes,No,Standard garbage can,Yes
303,36-45,Female,Yes,No,Standard garbage can,Yes
304,36-45,Male,Yes,No,Standard garbage can,Yes
305,36-45,Female,Yes,No,Standard garbage can,Yes
308,36-45,Male,Yes,No,Standard garbage can,Yes
309,36-45,Female,Yes,No,Standard garbage can,Yes
310,36-45,Male,Yes,No,Standard garbage can,Yes
311,36-45,Male,Yes,No,Standard garbage can,Yes
313,36-45,Female,Yes,No,Standard garbage can,Yes
315,36-45,Male,Yes,No,Standard garbage can,Yes
317,36-45,Female,Yes,No,Standard garbage can,Yes
318,36-45,Male,Yes,No,Standard garbage can,Yes
339,36-45,Male,Yes,No,Standard garbage can,Yes
340,36-45,Female,Yes,No,Standard garbage can,Yes
342,36-45,Male,Yes,No,Standard garbage can,Yes
351,36-45,Male,Yes,No,Standard garbage can,Yes
353,36-45,Female,Yes,No,Standard garbage can,Yes
355,36-45,Female,Yes,No,Standard garbage can,Yes
356,36-45,Male,Yes,No,Standard garbage can,Yes
360,36-45,Female,Yes,No,Standard garbage can,Yes
367,36-45,Male,Yes,No,Standard garbage can,Yes
369,36-45,Male,Yes,No,Standard garbage can,Yes
377,36-45,Female,Yes,No,Standard garbage can,Yes
384,36-45,Male,Yes,No,Standard garbage can,Yes
385,36-45,Male,Yes,No,Standard garbage can,Yes
386,36-45,Female,Yes,No,Standard garbage can,Yes
389,36-45,Male,Yes,No,Standard garbage can,Yes
401,36-45,Female,Yes,No,Standard garbage can,Yes
402,36-45,Male,Yes,No,Standard garbage can,Yes
403,36-45,Male,Yes,No,Standard garbage can,Yes
404,36-45,Female,Yes,No,Standard garbage can,Yes
406,36-45,Male,Yes,No,Standard garbage can,Yes
407,36-45,Male,Yes,No,Standard garbage can,Yes
408,36-45,Female,Yes,No,Standard garbage can,Yes
410,36-45,Male,Yes,No,Standard garbage can,Yes
411,36-45,Female,Yes,No,Standard garbage can,Yes
417,36-45,Female,Yes,No,Standard garbage can,Yes
419,36-45,Male,Yes,No,Standard garbage can,Yes
421,36-45,Female,Yes,No,Standard garbage can,Yes
422,36-45,Female,Yes,Yes,Standard garbage can,Yes
426,36-45,Male,Yes,No,Standard garbage can,Yes
427,36-45,Female,Yes,Yes,Standard garbage can,Yes
428,36-45,Male,Yes,Yes,Standard garbage can,Yes
429,36-45,Male,Yes,No,Standard garbage can,Yes
430,36-45,Female,Yes,No,Standard garbage can,Yes
431,36-45,Male,Yes,No,Standard garbage can,Yes
433,36-45,Male,Yes,Yes,Standard garbage can,Yes
434,36-45,Female,Yes,No,Standard garbage can,Yes
439,36-45,Male,Yes,No,Standard garbage can,Yes
443,36-45,Male,Yes,Yes,Standard garbage can,Yes
445,36-45,Female,Yes,No,Standard garbage can,Yes
447,36-45,Female,Yes,Yes,Standard garbage can,Yes
448,36-45,Male,Yes,No,Standard garbage can,Yes
449,36-45,Male,Yes,Yes,Standard garbage can,Yes
455,36-45,Female,Yes,No,Standard garbage can,Yes
457,36-45,Female,Yes,No,Standard garbage can,Yes
460,36-45,Female,Yes,No,Standard garbage can,Yes
473,36-45,Female,Yes,Yes,Standard garbage can,Yes
474,36-45,Male,Yes,Yes,Standard garbage can,Yes
475,36-45,Male,Yes,Yes,Standard garbage can,Yes
479,36-45,Female,Yes,No,Standard garbage can,Yes
481,36-45,Female,Yes,No,Standard garbage can,Yes
482,36-45,Male,Yes,No,Standard garbage can,Yes
484,36-45,Male,Yes,Yes,Standard garbage can,Yes
485,36-45,Male,Yes,No,Standard garbage can,Yes
486,36-45,Male,Yes,No,Standard garbage can,Yes
487,36-45,Male,Yes,No,Standard garbage can,Yes
489,36-45,Female,Yes,Yes,Standard garbage can,Yes
492,36-45,Male,Yes,No,Standard garbage can,Yes
495,36-45,Female,Yes,Yes,Standard garbage can,Yes
496,36-45,Male,Yes,Yes,Standard garbage can,Yes
502,36-45,Female,Yes,Yes,Standard garbage can,Yes
511,36-45,Female,Yes,No,Standard garbage can,Yes
512,36-45,Female,Yes,No,Standard garbage can,Yes
513,36-45,Male,Yes,No,Standard garbage can,Yes
516,36-45,Male,Yes,No,Standard garbage can,Yes
522,36-45,Male,Yes,No,Standard garbage can,Yes
523,36-45,Male,Yes,No,Standard garbage can,Yes
524,36-45,Male,Yes,No,Standard garbage can,Yes
535,36-45,Female,Yes,Yes,Standard garbage can,Yes
537,36-45,Female,Yes,No,Standard garbage can,Yes
538,36-45,Female,Yes,Yes,Standard garbage can,Yes
540,36-45,Male,Yes,No,Standard garbage can,Yes
541,36-45,Male,Yes,No,Standard garbage can,Yes
542,36-45,Male,Yes,No,Standard garbage can,Yes
544,36-45,Male,Yes,No,Standard garbage can,Yes
547,36-45,Male,Yes,No,Standard garbage can,Yes
550,36-45,Female,Yes,Yes,Standard garbage can,Yes
551,36-45,Male,Yes,Yes,Standard garbage can,Yes
552,36-45,Female,Yes,Yes,Standard garbage can,Yes
553,36-45,Female,Yes,Yes,Standard garbage can,Yes
555,36-45,Male,Yes,Yes,Standard garbage can,Yes
556,36-45,Male,Yes,Yes,Standard garbage can,Yes
557,36-45,Female,Yes,Yes,Standard garbage can,Yes
558,36-45,Female,Yes,Yes,Standard garbage can,Yes
567,36-45,Male,Yes,Yes,Standard garbage can,Yes
568,36-45,Female,Yes,Yes,Standard garbage can,Yes
570,36-45,Male,Yes,No,Standard garbage can,Yes
571,36-45,Female,Yes,No,Standard garbage can,Yes
572,36-45,Female,Yes,No,Standard garbage can,Yes
573,36-45,Female,Yes,No,Standard garbage can,Yes
576,36-45,Male,Yes,No,Standard garbage can,Yes
578,36-45,Female,Yes,No,Standard garbage can,Yes
579,36-45,Female,Yes,No,Standard garbage can,Yes
580,36-45,Female,Yes,No,Standard garbage can,Yes
582,36-45,Male,Yes,No,Standard garbage can,Yes
584,36-45,Female,Yes,No,Standard garbage can,Yes
585,36-45,Male,Yes,No,Standard garbage can,Yes
586,36-45,Female,Yes,No,Standard garbage can,Yes
588,36-45,Male,Yes,No,Standard garbage can,Yes
607,36-45,Male,Yes,No,Standard garbage can,Yes
608,36-45,Male,Yes,No,Standard garbage can,Yes
624,36-45,Female,Yes,No,Standard garbage can,Yes
627,36-45,Male,Yes,Yes,Standard garbage can,Yes
630,36-45,Female,Yes,Yes,Standard garbage can,Yes
635,36-45,Female,Yes,No,Standard garbage can,Yes
636,36-45,Male,Yes,No,Standard garbage can,Yes
637,36-45,Male,Yes,No,Standard garbage can,Yes
638,36-45,Female,Yes,No,Standard garbage can,Yes
648,36-45,Female,Yes,No,Standard garbage can,Yes
659,36-45,Male,Yes,No,Standard garbage can,Yes
660,36-45,Female,Yes,No,Standard garbage can,Yes
661,36-45,Male,Yes,No,Standard garbage can,Yes
662,36-45,Male,Yes,No,Standard garbage can,Yes
663,36-45,Female,Yes,No,Standard garbage can,Yes
666,36-45,Male,Yes,Yes,Standard garbage can,Yes
668,36-45,Male,Yes,Yes,Standard garbage can,Yes
670,36-45,Male,Yes,No,Standard garbage can,Yes
675,36-45,Male,Yes,No,Standard garbage can,Yes
676,36-45,Female,Yes,No,Standard garbage can,Yes
679,36-45,Female,Yes,Yes,Standard garbage can,Yes
680,36-45,Male,Yes,No,Standard garbage can,Yes
681,36-45,Male,Yes,No,Standard garbage can,Yes
684,36-45,Female,Yes,No,Standard garbage can,Yes
685,36-45,Female,Yes,No,Standard garbage can,Yes
687,36-45,Male,Yes,No,Standard garbage can,Yes
692,36-45,Male,Yes,No,Standard garbage can,Yes
693,36-45,Female,Yes,Yes,Standard garbage can,Yes
694,36-45,Female,Yes,No,Standard garbage can,Yes
696,36-45,Female,Yes,No,Standard garbage can,Yes
698,36-45,Female,Yes,No,Standard garbage can,Yes
709,36-45,Female,Yes,No,Standard garbage can,Yes
713,36-45,Female,Yes,Yes,Standard garbage can,Yes
717,36-45,Male,Yes,Yes,Standard garbage can,Yes
719,36-45,Male,Yes,No,Standard garbage can,Yes
720,36-45,Male,Yes,Yes,Standard garbage can,Yes
722,36-45,Female,Yes,No,Standard garbage can,Yes
726,36-45,Male,Yes,Yes,Standard garbage can,Yes
731,36-45,Male,Yes,No,Standard garbage can,Yes
732,36-45,Female,Yes,Yes,Standard garbage can,Yes
735,36-45,Female,Yes,Yes,Standard garbage can,Yes
736,36-45,Female,Yes,No,Standard garbage can,Yes
741,36-45,Female,Yes,Yes,Standard garbage can,Yes
747,36-45,Male,Yes,No,Standard garbage can,Yes
750,36-45,Male,Yes,No,Standard garbage can,Yes
751,36-45,Male,Yes,No,Standard garbage can,Yes
752,36-45,Male,Yes,No,Standard garbage can,Yes
753,36-45,Female,Yes,Yes,Standard garbage can,Yes
759,36-45,Female,Yes,No,Standard garbage can,Yes
764,36-45,Female,Yes,No,Standard garbage can,Yes
776,36-45,Female,Yes,No,Standard garbage can,Yes
779,36-45,Male,Yes,No,Standard garbage can,Yes
782,36-45,Male,Yes,Yes,Standard garbage can,Yes
784,36-45,Female,Yes,Yes,Standard garbage can,Yes
789,36-45,Male,Yes,No,Standard garbage can,Yes
791,36-45,Female,Yes,Yes,Standard garbage can,Yes
792,36-45,Male,Yes,No,Standard garbage can,Yes
794,36-45,Male,Yes,No,Standard garbage can,Yes
804,36-45,Male,Yes,No,Standard garbage can,Yes
807,36-45,Male,Yes,No,Standard garbage can,Yes
808,36-45,Female,Yes,No,Standard garbage can,Yes
812,36-45,Male,Yes,No,Standard garbage can,Yes
814,36-45,Male,Yes,No,Standard garbage can,Yes
817,36-45,Male,Yes,No,Standard garbage can,Yes
818,36-45,Female,Yes,Yes,Standard garbage can,Yes
820,36-45,Female,Yes,No,Standard garbage can,Yes
823,36-45,Female,Yes,Yes,Standard garbage can,Yes
824,36-45,Female,Yes,No,Standard garbage can,Yes
825,36-45,Male,Yes,No,Standard garbage can,Yes
826,36-45,Female,Yes,Yes,Standard garbage can,Yes
828,36-45,Male,Yes,Yes,Standard garbage can,Yes
829,36-45,Male,Yes,No,Standard garbage can,Yes
830,36-45,Male,Yes,No,Standard garbage can,Yes
831,36-45,Male,Yes,Yes,Standard garbage can,Yes
833,36-45,Female,Yes,No,Standard garbage can,Yes
835,36-45,Male,Yes,No,Standard garbage can,Yes
836,36-45,Male,Yes,No,Standard garbage can,Yes
837,36-45,Female,Yes,No,Standard garbage can,Yes
838,36-45,Female,Yes,Yes,Standard garbage can,Yes
842,36-45,Male,Yes,No,Standard garbage can,Yes
843,36-45,Male,Yes,No,Standard garbage can,Yes
845,36-45,Female,Yes,No,Standard garbage can,Yes
849,36-45,Male,Yes,No,Standard garbage can,Yes
850,36-45,Female,Yes,No,Standard garbage can,Yes
852,36-45,Female,Yes,No,Standard garbage can,Yes
853,36-45,Male,Yes,No,Standard garbage can,Yes
855,36-45,Male,Yes,No,Standard garbage can,Yes
857,36-45,Male,Yes,No,Standard garbage can,Yes
858,36-45,Female,Yes,No,Standard garbage can,Yes
859,36-45,Female,Yes,No,Standard garbage can,Yes
860,36-45,Male,Yes,No,Standard garbage can,Yes
861,36-45,Female,Yes,Yes,Standard garbage can,Yes
862,36-45,Female,Yes,Yes,Standard garbage can,Yes
863,36-45,Male,Yes,No,Standard garbage can,Yes
866,36-45,Male,Yes,No,Standard garbage can,Yes
867,36-45,Female,Yes,No,Standard garbage can,Yes
874,36-45,Female,Yes,Yes,Standard garbage can,Yes
881,36-45,Male,Yes,Yes,Standard garbage can,Yes
883,36-45,Female,Yes,Yes,Standard garbage can,Yes
885,36-45,Female,Yes,Yes,Standard garbage can,Yes
886,36-45,Male,Yes,Yes,Standard garbage can,Yes
889,36-45,Female,Yes,No,Standard garbage can,Yes
905,36-45,Female,Yes,No,Standard garbage can,Yes
907,36-45,Female,Yes,Yes,Standard garbage can,Yes
908,36-45,Female,Yes,Yes,Standard garbage can,Yes
911,36-45,Male,Yes,No,Standard garbage can,Yes
914,36-45,Female,Yes,Yes,Standard garbage can,Yes
915,36-45,Female,Yes,No,Standard garbage can,Yes
916,36-45,Male,Yes,Yes,Standard garbage can,Yes
918,36-45,Male,Yes,No,Standard garbage can,Yes
919,36-45,Female,Yes,Yes,Standard garbage can,Yes
922,36-45,Female,Yes,Yes,Standard garbage can,Yes
926,36-45,Male,Yes,No,Standard garbage can,Yes
927,36-45,Female,Yes,No,Standard garbage can,Yes
928,36-45,Female,Yes,Yes,Standard garbage can,Yes
935,36-45,Female,Yes,Yes,Standard garbage can,Yes
936,36-45,Male,Yes,No,Standard garbage can,Yes
937,36-45,Female,Yes,No,Standard garbage can,Yes
938,36-45,Male,Yes,Yes,Standard garbage can,Yes
939,36-45,Female,Yes,Yes,Standard garbage can,Yes
940,36-45,Male,Yes,Yes,Standard garbage can,Yes
941,36-45,Female,Yes,Yes,Standard garbage can,Yes
942,36-45,Female,Yes,Yes,Standard garbage can,Yes
943,36-45,Female,Yes,Yes,Standard garbage can,Yes
944,36-45,Female,Yes,Yes,Standard garbage can,Yes
948,36-45,Male,Yes,Yes,Standard garbage can,Yes
949,36-45,Male,Yes,Yes,Standard garbage can,Yes
967,36-45,Male,Yes,No,Standard garbage can,Yes
968,36-45,Female,Yes,No,Standard garbage can,Yes
971,36-45,Male,Yes,No,Standard garbage can,Yes
972,36-45,Female,Yes,No,Standard garbage can,Yes
974,36-45,Female,Yes,No,Standard garbage can,Yes
975,36-45,Male,Yes,No,Standard garbage can,Yes
976,36-45,Male,Yes,No,Standard garbage can,Yes
977,36-45,Female,Yes,Yes,Standard garbage can,Yes
986,36-45,Female,Yes,Yes,Standard garbage can,Yes
987,36-45,Female,Yes,No,Standard garbage can,Yes
989,36-45,Male,Yes,No,Standard garbage can,Yes
990,36-45,Male,Yes,Yes,Standard garbage can,Yes
995,36-45,Female,Yes,No,Standard garbage can,Yes
999,36-45,Male,Yes,No,Standard garbage can,Yes
1001,36-45,Male,Yes,Yes,Standard garbage can,Yes
1002,36-45,Female,Yes,Yes,Standard garbage can,Yes
1005,36-45,Male,Yes,Yes,Standard garbage can,Yes
1006,36-45,Male,Yes,Yes,Standard garbage can,Yes
1007,36-45,Male,Yes,Yes,Standard garbage can,Yes
1008,36-45,Female,Yes,Yes,Standard garbage can,Yes
1009,36-45,Female,Yes,Yes,Standard garbage can,Yes
1020,36-45,Female,Yes,Yes,Standard garbage can,Yes
1021,36-45,Male,Yes,No,Standard garbage can,Yes
1023,36-45,Female,Yes,No,Standard garbage can,Yes
1026,36-45,Female,Yes,Yes,Standard garbage can,Yes
1031,36-45,Female,Yes,No,Standard garbage can,Yes
1034,36-45,Male,Yes,No,Standard garbage can,Yes
1035,36-45,Male,Yes,Yes,Standard garbage can,Yes
1037,36-45,Female,Yes,No,Standard garbage can,Yes
1039,36-45,Female,Yes,No,Standard garbage can,Yes
1040,36-45,Female,Yes,Yes,Standard garbage can,Yes
110,46+,Female,Yes,Yes,Standard garbage can,No
871,46+,Female,Yes,Yes,Standard garbage can,No
257,46+,Male,Yes,No,Standard garbage can,No
1008,46+,Male,Yes,No,Standard garbage can,No
551,46+,Female,Yes,Yes,Standard garbage can,No
308,46+,Female,Yes,Yes,Standard garbage can,No
253,46+,Male,Yes,No,Standard garbage can,No
659,46+,Male,Yes,Yes,Standard garbage can,No
773,46+,Female,Yes,Yes,Standard garbage can,No
866,46+,Male,Yes,Yes,Standard garbage can,No
654,46+,Female,Yes,Yes,Standard garbage can,Yes
213,46+,Male,Yes,No,Standard garbage can,Yes
730,46+,Female,Yes,Yes,Standard garbage can,Yes
424,46+,Male,Yes,Yes,Standard garbage can,Yes
683,46+,Male,Yes,Yes,Standard garbage can,Yes
463,46+,Female,Yes,Yes,Standard garbage can,Yes
1035,46+,Female,Yes,Yes,Standard garbage can,Yes
600,46+,Male,Yes,Yes,Standard garbage can,No
610,46+,Female,Yes,Yes,Standard garbage can,No
904,46+,Female,Yes,Yes,Standard garbage can,No
197,46+,Female,Yes,Yes,Standard garbage can,No
385,46+,Female,Yes,Yes,Standard garbage can,No
682,46+,Female,Yes,No,Standard garbage can,No
877,46+,Female,Yes,Yes,Standard garbage can,No
912,46+,Female,Yes,Yes,Standard garbage can,No
196,46+,Male,Yes,Yes,Standard garbage can,No
816,46+,Female,Yes,No,Standard garbage can,No
1051,46+,Male,Yes,Yes,Standard garbage can,No
1010,46+,Male,Yes,Yes,Standard garbage can,No
104,46+,Male,Yes,Yes,Standard garbage can,No
326,46+,Male,Yes,Yes,Standard garbage can,No
919,46+,Female,Yes,Yes,Standard garbage can,No
43,46+,Female,Yes,No,Standard garbage can,No
359,46+,Female,Yes,Yes,Standard garbage can,No
475,46+,Female,Yes,Yes,Standard garbage can,No
954,46+,Male,Yes,Yes,Standard garbage can,No
621,46+,Female,Yes,No,Standard garbage can,No
132,46+,Female,Yes,Yes,Standard garbage can,No
1056,46+,Female,Yes,No,Standard garbage can,No
552,46+,Male,Yes,Yes,Standard garbage can,No
5,46+,Female,Yes,Yes,Standard garbage can,No
1054,46+,Female,Yes,Yes,Standard garbage can,No
334,46+,Female,Yes,Yes,Standard garbage can,No
283,46+,Female,Yes,Yes,Standard garbage can,No
48,46+,Male,Yes,No,Standard garbage can,No
892,46+,Female,Yes,Yes,Standard garbage can,No
1022,46+,Female,Yes,Yes,Standard garbage can,No
96,46+,Female,Yes,No,Standard garbage can,No
163,46+,Male,Yes,Yes,Standard garbage can,No
244,46+,Male,Yes,No,Standard garbage can,No
245,46+,Female,Yes,Yes,Standard garbage can,No
248,46+,Female,Yes,No,Standard garbage can,No
249,46+,Female,Yes,Yes,Standard garbage can,No
250,46+,Male,Yes,Yes,Standard garbage can,No
251,46+,Female,Yes,Yes,Standard garbage can,No
254,46+,Female,Yes,Yes,Standard garbage can,No
279,46+,Male,Yes,Yes,Standard garbage can,No
282,46+,Female,Yes,Yes,Standard garbage can,No
352,46+,Male,Yes,Yes,Standard garbage can,No
364,46+,Female,Yes,Yes,Standard garbage can,No
365,46+,Male,Yes,Yes,Standard garbage can,No
395,46+,Male,Yes,No,Standard garbage can,No
438,46+,Female,Yes,Yes,Standard garbage can,No
462,46+,Male,Yes,Yes,Standard garbage can,No
497,46+,Female,Yes,Yes,Standard garbage can,No
509,46+,Male,Yes,Yes,Standard garbage can,No
543,46+,Female,Yes,Yes,Standard garbage can,No
574,46+,Male,Yes,No,Standard garbage can,No
609,46+,Male,Yes,No,Standard garbage can,No
614,46+,Female,Yes,Yes,Standard garbage can,No
651,46+,Male,Yes,Yes,Standard garbage can,No
656,46+,Male,Yes,No,Standard garbage can,No
658,46+,Female,Yes,Yes,Standard garbage can,No
671,46+,Male,Yes,Yes,Standard garbage can,No
702,46+,Male,Yes,No,Standard garbage can,No
710,46+,Female,Yes,Yes,Standard garbage can,No
711,46+,Female,Yes,Yes,Standard garbage can,No
716,46+,Male,Yes,Yes,Standard garbage can,No
721,46+,Female,Yes,Yes,Standard garbage can,No
723,46+,Male,Yes,Yes,Standard garbage can,No
728,46+,Male,Yes,Yes,Standard garbage can,No
754,46+,Female,Yes,Yes,Standard garbage can,No
757,46+,Female,Yes,Yes,Standard garbage can,No
758,46+,Male,Yes,Yes,Standard garbage can,No
816,46+,Female,Yes,Yes,Standard garbage can,No
873,46+,Male,Yes,Yes,Standard garbage can,No
880,46+,Female,Yes,Yes,Standard garbage can,No
882,46+,Male,Yes,Yes,Standard garbage can,No
933,46+,Male,Yes,Yes,Standard garbage can,No
934,46+,Female,Yes,Yes,Standard garbage can,No
946,46+,Male,Yes,Yes,Standard garbage can,No
959,46+,Male,Yes,Yes,Standard garbage can,No
966,46+,Female,Yes,Yes,Standard garbage can,No
979,46+,Male,Yes,Yes,Standard garbage can,No
983,46+,Female,Yes,No,Standard garbage can,No
992,46+,Female,Yes,No,Standard garbage can,No
994,46+,Female,Yes,Yes,Standard garbage can,No
1029,46+,Male,Yes,Yes,Standard garbage can,No
1030,46+,Female,Yes,Yes,Standard garbage can,No
1033,46+,Female,Yes,Yes,Standard garbage can,No
733,46+,Female,Yes,Yes,Standard garbage can,No
264,46+,Female,Yes,No,Standard garbage can,No
156,46+,Female,Yes,No,Standard garbage can,No
934,46+,Female,Yes,No,Standard garbage can,No
1048,46+,Male,Yes,No,Standard garbage can,No
378,46+,Female,Yes,No,Standard garbage can,No
974,46+,Male,Yes,No,Standard garbage can,No
426,46+,Female,Yes,Yes,Standard garbage can,No
368,46+,Male,Yes,Yes,Standard garbage can,No
519,46+,Female,Yes,Yes,Standard garbage can,No
777,46+,Female,Yes,No,Standard garbage can,No
90,46+,Male,Yes,Yes,Standard garbage can,Yes
782,46+,Female,Yes,No,Standard garbage can,Yes
311,46+,Female,Yes,No,Standard garbage can,Yes
537,46+,Female,Yes,Yes,Standard garbage can,Yes
524,46+,Female,Yes,Yes,Standard garbage can,Yes
490,46+,Female,Yes,Yes,Standard garbage can,Yes
985,46+,Female,Yes,No,Standard garbage can,Yes
670,46+,Female,Yes,Yes,Standard garbage can,Yes
202,46+,Female,Yes,No,Standard garbage can,Yes
36,46+,Female,Yes,Yes,Standard garbage can,Yes
177,46+,Female,Yes,Yes,Standard garbage can,Yes
360,46+,Female,Yes,No,Standard garbage can,Yes
760,46+,Female,Yes,No,Standard garbage can,Yes
601,46+,Female,Yes,No,Standard garbage can,Yes
210,46+,Male,Yes,No,Standard garbage can,Yes
411,46+,Male,Yes,Yes,Standard garbage can,Yes
671,46+,Female,Yes,Yes,Standard garbage can,Yes
526,46+,Female,Yes,Yes,Standard garbage can,Yes
673,46+,Male,Yes,Yes,Standard garbage can,Yes
522,46+,Female,Yes,No,Standard garbage can,Yes
558,46+,Male,Yes,No,Standard garbage can,Yes
292,46+,Female,Yes,Yes,Standard garbage can,Yes
663,46+,Male,Yes,Yes,Standard garbage can,Yes
606,46+,Male,Yes,No,Standard garbage can,Yes
615,46+,Female,Yes,Yes,Standard garbage can,Yes
921,46+,Male,Yes,Yes,Standard garbage can,Yes
742,46+,Female,Yes,No,Standard garbage can,Yes
102,46+,Female,Yes,No,Standard garbage can,Yes
298,46+,Female,Yes,Yes,Standard garbage can,Yes
438,46+,Male,Yes,Yes,Standard garbage can,Yes
129,46+,Female,Yes,Yes,Standard garbage can,Yes
843,46+,Female,Yes,No,Standard garbage can,Yes
157,46+,Female,Yes,No,Standard garbage can,Yes
413,46+,Female,Yes,No,Standard garbage can,Yes
838,46+,Female,Yes,Yes,Standard garbage can,Yes
583,46+,Female,Yes,Yes,Standard garbage can,Yes
746,46+,Male,Yes,No,Standard garbage can,Yes
216,46+,Male,Yes,No,Standard garbage can,Yes
473,46+,Male,Yes,Yes,Standard garbage can,Yes
598,46+,Female,Yes,No,Standard garbage can,Yes
1,46+,Female,Yes,Yes,Standard garbage can,Yes
1042,46+,Female,Yes,No,Standard garbage can,Yes
975,46+,Male,Yes,No,Standard garbage can,Yes
484,46+,Male,Yes,No,Standard garbage can,Yes
211,46+,Female,Yes,Yes,Standard garbage can,Yes
824,46+,Female,Yes,No,Standard garbage can,Yes
80,46+,Female,Yes,Yes,Standard garbage can,Yes
576,46+,Female,Yes,Yes,Standard garbage can,Yes
884,46+,Male,Yes,Yes,Standard garbage can,Yes
999,46+,Female,Yes,No,Standard garbage can,Yes
50,46+,Female,Yes,No,Standard garbage can,Yes
71,46+,Female,Yes,No,Standard garbage can,Yes
80,46+,Female,Yes,Yes,Standard garbage can,Yes
89,46+,Male,Yes,Yes,Standard garbage can,Yes
106,46+,Female,Yes,Yes,Standard garbage can,Yes
107,46+,Female,Yes,No,Standard garbage can,Yes
118,46+,Female,Yes,Yes,Standard garbage can,Yes
143,46+,Female,Yes,No,Standard garbage can,Yes
147,46+,Male,Yes,Yes,Standard garbage can,Yes
213,46+,Female,Yes,No,Standard garbage can,Yes
222,46+,Female,Yes,No,Standard garbage can,Yes
240,46+,Male,Yes,No,Standard garbage can,Yes
242,46+,Female,Yes,Yes,Standard garbage can,Yes
260,46+,Female,Yes,Yes,Standard garbage can,Yes
285,46+,Female,Yes,Yes,Standard garbage can,Yes
291,46+,Female,Yes,No,Standard garbage can,Yes
295,46+,Female,Yes,No,Standard garbage can,Yes
297,46+,Female,Yes,No,Standard garbage can,Yes
298,46+,Male,Yes,No,Standard garbage can,Yes
301,46+,Male,Yes,No,Standard garbage can,Yes
312,46+,Male,Yes,No,Standard garbage can,Yes
348,46+,Female,Yes,Yes,Standard garbage can,Yes
392,46+,Female,Yes,Yes,Standard garbage can,Yes
423,46+,Male,Yes,Yes,Standard garbage can,Yes
425,46+,Female,Yes,Yes,Standard garbage can,Yes
444,46+,Female,Yes,Yes,Standard garbage can,Yes
476,46+,Female,Yes,Yes,Standard garbage can,Yes
483,46+,Female,Yes,Yes,Standard garbage can,Yes
488,46+,Female,Yes,Yes,Standard garbage can,Yes
503,46+,Female,Yes,Yes,Standard garbage can,Yes
508,46+,Female,Yes,Yes,Standard garbage can,Yes
514,46+,Female,Yes,Yes,Standard garbage can,Yes
539,46+,Female,Yes,Yes,Standard garbage can,Yes
545,46+,Female,Yes,Yes,Standard garbage can,Yes
546,46+,Male,Yes,Yes,Standard garbage can,Yes
549,46+,Female,Yes,Yes,Standard garbage can,Yes
559,46+,Female,Yes,No,Standard garbage can,Yes
583,46+,Male,Yes,No,Standard garbage can,Yes
587,46+,Female,Yes,No,Standard garbage can,Yes
650,46+,Female,Yes,Yes,Standard garbage can,Yes
667,46+,Female,Yes,Yes,Standard garbage can,Yes
673,46+,Female,Yes,Yes,Standard garbage can,Yes
686,46+,Female,Yes,No,Standard garbage can,Yes
688,46+,Female,Yes,Yes,Standard garbage can,Yes
697,46+,Male,Yes,No,Standard garbage can,Yes
699,46+,Male,Yes,No,Standard garbage can,Yes
701,46+,Female,Yes,No,Standard garbage can,Yes
724,46+,Female,Yes,Yes,Standard garbage can,Yes
729,46+,Female,Yes,Yes,Standard garbage can,Yes
730,46+,Male,Yes,Yes,Standard garbage can,Yes
737,46+,Female,Yes,No,Standard garbage can,Yes
742,46+,Male,Yes,No,Standard garbage can,Yes
781,46+,Female,Yes,Yes,Standard garbage can,Yes
788,46+,Female,Yes,Yes,Standard garbage can,Yes
800,46+,Female,Yes,Yes,Standard garbage can,Yes
801,46+,Female,Yes,No,Standard garbage can,Yes
810,46+,Male,Yes,No,Standard garbage can,Yes
813,46+,Female,Yes,Yes,Standard garbage can,Yes
821,46+,Male,Yes,No,Standard garbage can,Yes
832,46+,Female,Yes,Yes,Standard garbage can,Yes
834,46+,Male,Yes,Yes,Standard garbage can,Yes
851,46+,Female,Yes,No,Standard garbage can,Yes
868,46+,Female,Yes,No,Standard garbage can,Yes
876,46+,Female,Yes,Yes,Standard garbage can,Yes
879,46+,Female,Yes,Yes,Standard garbage can,Yes
921,46+,Female,Yes,Yes,Standard garbage can,Yes
930,46+,Female,Yes,Yes,Standard garbage can,Yes
945,46+,Male,Yes,No,Standard garbage can,Yes
985,46+,Male,Yes,Yes,Standard garbage can,Yes
1010,46+,Female,Yes,Yes,Standard garbage can,Yes
1011,46+,Female,Yes,Yes,Standard garbage can,Yes
